FileName,Title,Author,Subject,Keywords,Creator,Producer,CreationDate,ModData,Tagged,Language,PdfVersion,FileSize,PageCount
C:\Users\daan_\source\repos\DocumentSplitting\WOB_Pdfs\2020-06-09_5e745681a2659dadb7ac782f4e012350_besluit.pdf,,,,,Xerox WorkCentre 7556,Xerox WorkCentre 7556,12-6-2020 08:45:11,30-11-2021 16:39:24,False,,1.3,82099 bytes,1
C:\Users\daan_\source\repos\DocumentSplitting\WOB_Pdfs\2020-06-09_b5ca6a88b275fda712ca471bb77fec92_besluit.pdf,,,,,Xerox WorkCentre 7556,Xerox WorkCentre 7556,12-6-2020 08:45:24,30-11-2021 16:39:24,False,,1.3,72398 bytes,1
C:\Users\daan_\source\repos\DocumentSplitting\WOB_Pdfs\2020-07-30_5d450bf985589e1cbc6f16aa43d9fe29_besluit.pdf,,,,,,,1-1-0001 00:00:00,30-11-2021 16:39:24,False,,1.3,967169 bytes,3
C:\Users\daan_\source\repos\DocumentSplitting\WOB_Pdfs\2020-07-30_5d450bf985589e1cbc6f16aa43d9fe29_lijst-van-documenten.pdf,,Ramratan. P.E.,,,Microsoft® Word 2016,Microsoft® Word 2016,1-9-2020 08:51:08,30-11-2021 16:39:24,False,nl-NL,1.3,298399 bytes,4
C:\Users\daan_\source\repos\DocumentSplitting\WOB_Pdfs\2020-07-30_5d450bf985589e1cbc6f16aa43d9fe29_openbaar-gemaakte-documenten.pdf,,,,,Adobe Acrobat Standard DC 15.6.30508,Adobe Acrobat Standard DC 15.6.30508,1-9-2020 14:23:51,30-11-2021 16:39:24,False,,1.3,5745484 bytes,180
C:\Users\daan_\source\repos\DocumentSplitting\WOB_Pdfs\2020-09-04_39ca64546eafb7d418eff2c463222b63_besluit-wob-verzoek-over-de-inzet-van-influencers-voor-….pdf,,,,,OmniPage CSDK 19,Scanning,17-9-2020 08:53:09,30-11-2021 16:39:24,False,nl,1.3,1416542 bytes,6
C:\Users\daan_\source\repos\DocumentSplitting\WOB_Pdfs\2020-09-04_39ca64546eafb7d418eff2c463222b63_bijlagen-bij-besluit-wob-verzoek-over-de-inzet-van-infl….pdf,,,,,OmniPage CSDK 19,Scanning,16-9-2020 08:13:35,30-11-2021 16:39:24,False,,1.3,4290090 bytes,22
C:\Users\daan_\source\repos\DocumentSplitting\WOB_Pdfs\2020-09-08_8b6ca5a7af8fe3b8c06c98be3aa4f771_besluit-op-wob-verzoek-over-berekening-inzake-15-miljar….pdf,,,,,,,1-1-0001 00:00:00,30-11-2021 16:39:24,False,nl-NL,1.3,234502 bytes,5
C:\Users\daan_\source\repos\DocumentSplitting\WOB_Pdfs\2020-09-08_e184824227ff92c0ba8d838ea497a5b6_besluit-op-wob-verzoek-over-optreden-minister-voor-rech….pdf,The PDF document is protected with an encryption not supported by PDFsharp.,,,,,,30-11-2021 16:39:24,1-1-0001 00:00:00,False,,1.4,0 bytes,0
C:\Users\daan_\source\repos\DocumentSplitting\WOB_Pdfs\2020-09-08_e184824227ff92c0ba8d838ea497a5b6_wob-besluit-8-september-2020-bijlage-inventarislijst.pdf,,Bruekers. R.M.C. - BD/DWJZ/JZW,,,Acrobat PDFMaker 20 voor Word,Adobe PDF Library 20.12.80,28-1-2021 10:22:05,30-11-2021 16:39:24,False,NL-NL,1.3,71050 bytes,2
C:\Users\daan_\source\repos\DocumentSplitting\WOB_Pdfs\2020-09-08_e184824227ff92c0ba8d838ea497a5b6_wob-besluit-8-september-2020-openbaar-te-maken-document….pdf,,,,,Adobe Acrobat 17.11,Adobe Acrobat 17.11 Image Conversion Plug-in,25-8-2020 13:14:28,30-11-2021 16:39:24,False,,1.3,16107643 bytes,56
C:\Users\daan_\source\repos\DocumentSplitting\WOB_Pdfs\2020-10-01_b1c5e8756b3595f632f1cfdaccd71fb4_besluit-en-lijst-van-documenten.pdf,,,,,OmniPage CSDK 19,Scanning,1-10-2020 12:29:10,30-11-2021 16:39:24,False,nl,1.3,1999679 bytes,9
C:\Users\daan_\source\repos\DocumentSplitting\WOB_Pdfs\2020-10-01_b1c5e8756b3595f632f1cfdaccd71fb4_openbaar-gemaakte-documenten.pdf,,,,,OmniPage CSDK 19,Scanning,6-10-2020 08:24:38,30-11-2021 16:39:24,False,nl,1.3,10642349 bytes,46
C:\Users\daan_\source\repos\DocumentSplitting\WOB_Pdfs\2020-10-05_561b8b6e6eb90efbfe4649fc9a5f2e05_besluit-en-lijst-van-documenten.pdf,Microsoft Word - DOMUS-20240126-v1-Besluit_Wob_verzoek_coronavoucher,brandtm,,,,Microsoft: Print To PDF,5-10-2020 12:27:43,30-11-2021 16:39:24,False,,1.3,985537 bytes,15
C:\Users\daan_\source\repos\DocumentSplitting\WOB_Pdfs\2020-10-05_561b8b6e6eb90efbfe4649fc9a5f2e05_openbaar-gemaakte-documenten-1-19.pdf,,Frans de Bray,,,Microsoft® Word voor Microsoft 365,Microsoft® Word voor Microsoft 365,7-7-2020 09:51:12,30-11-2021 16:39:24,False,nl-NL,1.3,12539578 bytes,38
C:\Users\daan_\source\repos\DocumentSplitting\WOB_Pdfs\2020-10-05_561b8b6e6eb90efbfe4649fc9a5f2e05_openbaar-gemaakte-documenten-20-29.pdf,,Frans de Bray,,,Microsoft® Word voor Microsoft 365,Microsoft® Word voor Microsoft 365,7-7-2020 09:51:12,30-11-2021 16:39:24,False,nl-NL,1.3,7328454 bytes,51
C:\Users\daan_\source\repos\DocumentSplitting\WOB_Pdfs\2020-10-05_561b8b6e6eb90efbfe4649fc9a5f2e05_openbaar-gemaakte-documenten-30-33.pdf,,Frans de Bray,,,Microsoft® Word voor Microsoft 365,Microsoft® Word voor Microsoft 365,7-7-2020 09:51:12,30-11-2021 16:39:24,False,nl-NL,1.3,17984790 bytes,14
C:\Users\daan_\source\repos\DocumentSplitting\WOB_Pdfs\2020-10-05_561b8b6e6eb90efbfe4649fc9a5f2e05_openbaar-gemaakte-documenten-34-36.pdf,,Frans de Bray,,,Microsoft® Word voor Microsoft 365,Microsoft® Word voor Microsoft 365,7-7-2020 09:51:12,30-11-2021 16:39:24,False,nl-NL,1.3,6489013 bytes,23
C:\Users\daan_\source\repos\DocumentSplitting\WOB_Pdfs\2020-10-05_561b8b6e6eb90efbfe4649fc9a5f2e05_openbaar-gemaakte-documenten-37-49.pdf,,,,,OmniPage CSDK 19,Scanning,22-10-2020 13:23:43,30-11-2021 16:39:24,False,nl,1.3,19704220 bytes,34
C:\Users\daan_\source\repos\DocumentSplitting\WOB_Pdfs\2020-10-05_561b8b6e6eb90efbfe4649fc9a5f2e05_openbaar-gemaakte-documenten-50-53a.pdf,,Frans de Bray,,,Microsoft® Word voor Microsoft 365,Microsoft® Word voor Microsoft 365,7-7-2020 09:51:12,30-11-2021 16:39:24,False,nl-NL,1.3,1954337 bytes,23
C:\Users\daan_\source\repos\DocumentSplitting\WOB_Pdfs\2020-10-07_b23b9848c3d6d3ec059da43a488a543c_besluit-op-wob-verzoek-over-maatregelen-corona.pdf,,,,,,,1-1-0001 00:00:00,30-11-2021 16:39:24,False,,1.3,1135542 bytes,5
C:\Users\daan_\source\repos\DocumentSplitting\WOB_Pdfs\2020-10-15_388491f7f645df30409bec6ef461792b_02-antwoorden-kamervragen-sgp.pdf,The PDF document is protected with an encryption not supported by PDFsharp.,,,,,,30-11-2021 16:39:24,1-1-0001 00:00:00,False,,1.4,0 bytes,0
C:\Users\daan_\source\repos\DocumentSplitting\WOB_Pdfs\2020-10-15_388491f7f645df30409bec6ef461792b_03-inventarislijst.pdf,The PDF document is protected with an encryption not supported by PDFsharp.,,,,,,30-11-2021 16:39:24,1-1-0001 00:00:00,False,,1.4,0 bytes,0
C:\Users\daan_\source\repos\DocumentSplitting\WOB_Pdfs\2020-10-15_388491f7f645df30409bec6ef461792b_04-bijlagen-bij-wob-besluit.pdf,The PDF document is protected with an encryption not supported by PDFsharp.,,,,,,30-11-2021 16:39:24,1-1-0001 00:00:00,False,,1.4,0 bytes,0
C:\Users\daan_\source\repos\DocumentSplitting\WOB_Pdfs\2020-10-15_388491f7f645df30409bec6ef461792b_besluit-op-wob-verzoek-over-aantal-aanwezigen-in-kerkel….pdf,The PDF document is protected with an encryption not supported by PDFsharp.,,,,,,30-11-2021 16:39:24,1-1-0001 00:00:00,False,,1.4,0 bytes,0
C:\Users\daan_\source\repos\DocumentSplitting\WOB_Pdfs\2020-10-29_8b71363fdc3c0bf8cd8d5c95c479a263_besluit-op-wob-verzoek-over-outbreak-management-team.pdf,,,,,OmniPage CSDK 19,Scanning,29-10-2020 12:27:08,30-11-2021 16:39:24,False,nl,1.3,1471359 bytes,5
C:\Users\daan_\source\repos\DocumentSplitting\WOB_Pdfs\2020-10-29_8b71363fdc3c0bf8cd8d5c95c479a263_bijlagen-bij-besluit-op-wob-verzoek-over-outbreak-manag….pdf,,,,,OmniPage CSDK 19,Scanning,3-11-2020 06:30:07,30-11-2021 16:39:24,False,,1.3,8623092 bytes,43
C:\Users\daan_\source\repos\DocumentSplitting\WOB_Pdfs\2020-10-29_e061ed7422e8d285489c2393486a42aa_besluit-op-wob-verzoek-over-notas-en-memos-over-covid-1….pdf,,,,,,,1-1-0001 00:00:00,30-11-2021 16:39:24,False,x-default,1.3,3574543 bytes,11
C:\Users\daan_\source\repos\DocumentSplitting\WOB_Pdfs\2020-10-29_e061ed7422e8d285489c2393486a42aa_bijlagen-bij-wob-verzoek-over-nota.pdf,,,,,,,29-10-2020 13:12:29,30-11-2021 16:39:24,False,nl-NL,1.3,7568136 bytes,32
C:\Users\daan_\source\repos\DocumentSplitting\WOB_Pdfs\2020-10-29_e061ed7422e8d285489c2393486a42aa_inventarisatielijst-bij-wob-verzoek-over-nota.pdf,,,,,,,3-11-2020 10:22:12,30-11-2021 16:39:24,False,NL-NL,1.3,45738 bytes,4
C:\Users\daan_\source\repos\DocumentSplitting\WOB_Pdfs\2020-11-06_06f19c847169e6fa18283f6e0c899b9a_besluit-op-wob-verzoek-over-reisadvies-kroatie.pdf,,,,,,,1-1-0001 00:00:00,30-11-2021 16:39:24,False,NL-NL,1.3,61866 bytes,7
C:\Users\daan_\source\repos\DocumentSplitting\WOB_Pdfs\2020-11-06_06f19c847169e6fa18283f6e0c899b9a_bijlagen-bij-besluit-op-wob-verzoek-over-reisadvies-kro….pdf,,,,,Tesseract,ZyLAB PDF export module,6-11-2020 15:17:55,30-11-2021 16:39:24,False,,1.3,26204324 bytes,61
C:\Users\daan_\source\repos\DocumentSplitting\WOB_Pdfs\2020-11-12_60bc879ec3f0ac606466de40eb9e3fd1_besluit-op-wob-verzoek-over-totstandkoming-van-de-now-r….pdf,,,,,,,1-1-0001 00:00:00,30-11-2021 16:39:24,False,nl,1.3,828906 bytes,3
C:\Users\daan_\source\repos\DocumentSplitting\WOB_Pdfs\2020-11-12_60bc879ec3f0ac606466de40eb9e3fd1_bijlagen-bij-besluit-op-wob-verzoek-over-totstandkoming….pdf,,,,,OmniPage CSDK 19,Scanning,17-11-2020 09:43:32,30-11-2021 16:39:24,False,,1.3,11360601 bytes,130
C:\Users\daan_\source\repos\DocumentSplitting\WOB_Pdfs\2020-11-12_60bc879ec3f0ac606466de40eb9e3fd1_inventarislijst-bij-besluit-op-wob-verzoek-over-totstan….pdf,,,,,OmniPage CSDK 19,Scanning,11-11-2020 14:45:40,30-11-2021 16:39:24,False,nl,1.3,556161 bytes,2
C:\Users\daan_\source\repos\DocumentSplitting\WOB_Pdfs\2020-11-12_868cf53613b0a5cb32a37172418ea304_besluit-wob-verzoek-over-staatssteun-klm.pdf,,,,,,,12-11-2020 13:36:36,30-11-2021 16:39:24,False,NL-NL,1.3,127059 bytes,3
C:\Users\daan_\source\repos\DocumentSplitting\WOB_Pdfs\2020-11-18_635253f01552aa241303bd7f4da7a741_besluit-op-wob-verzoek-over-naleving-15-meter-maatregel….pdf,,,,,,,1-1-0001 00:00:00,30-11-2021 16:39:24,False,,1.3,204729 bytes,1
C:\Users\daan_\source\repos\DocumentSplitting\WOB_Pdfs\2020-11-19_846c20c088c6491e5a2b6f12da114a40_besluit-op-wob-verzoek-over-aankoop-medische-middelen-c….pdf,,,,,,,22-12-2020 15:50:40,30-11-2021 16:39:24,False,,1.3,220248 bytes,11
C:\Users\daan_\source\repos\DocumentSplitting\WOB_Pdfs\2020-11-19_846c20c088c6491e5a2b6f12da114a40_bijlage-1-bij-besluit-op-wob-verzoek-over-aankoop-medis….pdf,,,,,Tesseract,ZyLAB PDF export module,23-12-2020 12:39:52,30-11-2021 16:39:25,False,,1.3,27784596 bytes,222
C:\Users\daan_\source\repos\DocumentSplitting\WOB_Pdfs\2020-11-19_846c20c088c6491e5a2b6f12da114a40_bijlage-2-bij-besluit-op-wob-verzoek-over-aankoop-medis….pdf,,,,,Tesseract,ZyLAB PDF export module,23-12-2020 12:39:59,30-11-2021 16:39:25,False,,1.3,28901003 bytes,54
C:\Users\daan_\source\repos\DocumentSplitting\WOB_Pdfs\2020-11-19_846c20c088c6491e5a2b6f12da114a40_bijlage-3-bij-besluit-op-wob-verzoek-over-aankoop-medis….pdf,,,,,Tesseract,ZyLAB PDF export module,23-12-2020 12:40:02,30-11-2021 16:39:25,False,,1.3,4832418 bytes,9
C:\Users\daan_\source\repos\DocumentSplitting\WOB_Pdfs\2020-11-27_a59aad003a50079a561f92ba38b27746_besluit-op-wob-verzoek-over-aanspreken-huisarts-en-apot….pdf,,,,,OmniPage CSDK 19,Scanning,10-2-2021 09:04:52,30-11-2021 16:39:25,False,nl,1.3,3316344 bytes,13
C:\Users\daan_\source\repos\DocumentSplitting\WOB_Pdfs\2020-11-27_a59aad003a50079a561f92ba38b27746_documenten-bij-besluit-op-wob-verzoek-over-aanspreken-h….pdf,,,,,OmniPage CSDK 19,Scanning,8-2-2021 10:07:11,30-11-2021 16:39:25,False,,1.3,14132660 bytes,143
C:\Users\daan_\source\repos\DocumentSplitting\WOB_Pdfs\2020-12-01_6762214604a58986abf9cc852b4202e9_besluit-wob-verzoek-over-covid-19-december-2019-tot-en-….pdf,,,,,OmniPage CSDK 19,Scanning,16-12-2020 13:05:09,30-11-2021 16:39:25,False,nl,1.3,9221332 bytes,57
C:\Users\daan_\source\repos\DocumentSplitting\WOB_Pdfs\2020-12-01_6762214604a58986abf9cc852b4202e9_bijlagen-deel-1-bij-besluit-wob-verzoek-over-covid-19.pdf,,,,,FineReader,ZyLAB PDF export module,16-12-2020 10:58:22,30-11-2021 16:39:25,False,,1.3,7032932 bytes,85
C:\Users\daan_\source\repos\DocumentSplitting\WOB_Pdfs\2020-12-01_6762214604a58986abf9cc852b4202e9_bijlagen-deel-2-bij-besluit-wob-verzoek-over-covid-19.pdf,,,,,FineReader,ZyLAB PDF export module,16-12-2020 11:09:36,30-11-2021 16:39:25,False,,1.3,7989619 bytes,100
C:\Users\daan_\source\repos\DocumentSplitting\WOB_Pdfs\2020-12-01_6762214604a58986abf9cc852b4202e9_bijlagen-deel-3-bij-besluit-wob-verzoek-over-covid-19.pdf,,,,,FineReader,ZyLAB PDF export module,16-12-2020 11:25:16,30-11-2021 16:39:25,False,,1.3,10450108 bytes,115
C:\Users\daan_\source\repos\DocumentSplitting\WOB_Pdfs\2020-12-01_6762214604a58986abf9cc852b4202e9_bijlagen-deel-4-bij-besluit-wob-verzoek-over-covid-19.pdf,,,,,FineReader,ZyLAB PDF export module,16-12-2020 11:54:26,30-11-2021 16:39:25,False,,1.3,11924800 bytes,132
C:\Users\daan_\source\repos\DocumentSplitting\WOB_Pdfs\2020-12-01_6762214604a58986abf9cc852b4202e9_bijlagen-deel-5-bij-besluit-wob-verzoek-over-covid-19.pdf,,,,,FineReader,ZyLAB PDF export module,16-12-2020 12:36:27,30-11-2021 16:39:25,False,,1.3,13044077 bytes,162
C:\Users\daan_\source\repos\DocumentSplitting\WOB_Pdfs\2020-12-01_6762214604a58986abf9cc852b4202e9_bijlagen-deel-6-bij-besluit-wob-verzoek-over-covid-19.pdf,,,,,FineReader,ZyLAB PDF export module,16-12-2020 13:05:24,30-11-2021 16:39:25,False,,1.3,16364055 bytes,69
C:\Users\daan_\source\repos\DocumentSplitting\WOB_Pdfs\2020-12-01_6762214604a58986abf9cc852b4202e9_bijlagen-deel-7-bij-besluit-wob-verzoek-over-covid-19.pdf,,,,,FineReader,ZyLAB PDF export module,16-12-2020 13:15:31,30-11-2021 16:39:25,False,,1.3,8525731 bytes,77
C:\Users\daan_\source\repos\DocumentSplitting\WOB_Pdfs\2020-12-02_cd6612007d9d3c6ae6f1dc61a4659bde_afschrift-brief-met-deelbesluit-wob-covid-19-iccb-stukk….pdf,Deelbesluit WOB ICCb covid-19.pdf,CHOOFT,,,,Microsoft: Print To PDF,2-12-2020 12:06:49,30-11-2021 16:39:25,False,,1.3,4440847 bytes,6
C:\Users\daan_\source\repos\DocumentSplitting\WOB_Pdfs\2020-12-02_e8b9dd0d181f00c4b76cec0746ce3bfc_besluit-op-wob-verzoek-over-coronamaatregelen.pdf,,,,,,,1-1-0001 00:00:00,30-11-2021 16:39:25,False,,1.3,1220914 bytes,5
C:\Users\daan_\source\repos\DocumentSplitting\WOB_Pdfs\2020-12-09_7aca2bc4396adb45f54702dc007c93ab_besluit-en-openbaar-gemaakte-documenten-wob-verzoek-rep….pdf,,,,,Tesseract,ZyLAB PDF export module,7-12-2020 11:09:16,30-11-2021 16:39:25,False,,1.3,6609896 bytes,100
C:\Users\daan_\source\repos\DocumentSplitting\WOB_Pdfs\2020-12-11_30474038b01b8076945bc8efa171d6b0_bijlage-1-van-15-bij-tweede-deelbesluit-wob-verzoek-cov….pdf,,,,,,,1-1-0001 00:00:00,30-11-2021 16:39:25,False,nl,1.3,16153300 bytes,73
C:\Users\daan_\source\repos\DocumentSplitting\WOB_Pdfs\2020-12-11_30474038b01b8076945bc8efa171d6b0_bijlage-10-van-15-bij-tweede-deelbesluit-wob-verzoek-co….pdf,,,,,OmniPage CSDK 19,Scanning,11-12-2020 16:02:19,30-11-2021 16:39:25,False,,1.3,30535767 bytes,109
C:\Users\daan_\source\repos\DocumentSplitting\WOB_Pdfs\2020-12-11_30474038b01b8076945bc8efa171d6b0_bijlage-11-van-15-bij-tweede-deelbesluit-wob-verzoek-co….pdf,,,,,OmniPage CSDK 19,Scanning,11-12-2020 16:10:30,30-11-2021 16:39:26,False,,1.3,25685827 bytes,92
C:\Users\daan_\source\repos\DocumentSplitting\WOB_Pdfs\2020-12-11_30474038b01b8076945bc8efa171d6b0_bijlage-12-van-15-bij-tweede-deelbesluit-wob-verzoek-co….pdf,,,,,OmniPage CSDK 19,Scanning,11-12-2020 16:10:30,30-11-2021 16:39:26,False,,1.3,6427830 bytes,31
C:\Users\daan_\source\repos\DocumentSplitting\WOB_Pdfs\2020-12-11_30474038b01b8076945bc8efa171d6b0_bijlage-13-van-15-bij-tweede-deelbesluit-wob-verzoek-co….pdf,,,,,OmniPage CSDK 19,Scanning,11-12-2020 16:38:18,30-11-2021 16:39:26,False,,1.3,27976359 bytes,115
C:\Users\daan_\source\repos\DocumentSplitting\WOB_Pdfs\2020-12-11_30474038b01b8076945bc8efa171d6b0_bijlage-14-van-15-bij-tweede-deelbesluit-wob-verzoek-co….pdf,,,,,OmniPage CSDK 19,Scanning,11-12-2020 16:22:50,30-11-2021 16:39:26,False,,1.3,25409317 bytes,84
C:\Users\daan_\source\repos\DocumentSplitting\WOB_Pdfs\2020-12-11_30474038b01b8076945bc8efa171d6b0_bijlage-15-van-15-bij-tweede-deelbesluit-wob-verzoek-co….pdf,,,,,OmniPage CSDK 19,Scanning,11-12-2020 15:12:21,30-11-2021 16:39:26,False,nl,1.3,18749231 bytes,62
C:\Users\daan_\source\repos\DocumentSplitting\WOB_Pdfs\2020-12-11_30474038b01b8076945bc8efa171d6b0_bijlage-2-van-15-bij-tweede-deelbesluit-wob-verzoek-cov….pdf,,,,,OmniPage CSDK 19,Scanning,11-12-2020 13:46:15,30-11-2021 16:39:26,False,nl,1.3,19834874 bytes,94
C:\Users\daan_\source\repos\DocumentSplitting\WOB_Pdfs\2020-12-11_30474038b01b8076945bc8efa171d6b0_bijlage-3-van-15-bij-tweede-deelbesluit-wob-verzoek-cov….pdf,,,,,OmniPage CSDK 19,Scanning,11-12-2020 15:21:37,30-11-2021 16:39:26,False,,1.3,25350680 bytes,130
C:\Users\daan_\source\repos\DocumentSplitting\WOB_Pdfs\2020-12-11_30474038b01b8076945bc8efa171d6b0_bijlage-4-van-15-bij-tweede-deelbesluit-wob-verzoek-cov….pdf,,,,,OmniPage CSDK 19,Scanning,11-12-2020 16:22:28,30-11-2021 16:39:26,False,,1.3,24516093 bytes,104
C:\Users\daan_\source\repos\DocumentSplitting\WOB_Pdfs\2020-12-11_30474038b01b8076945bc8efa171d6b0_bijlage-5-van-15-bij-tweede-deelbesluit-wob-verzoek-cov….pdf,,,,,OmniPage CSDK 19,Scanning,11-12-2020 16:26:01,30-11-2021 16:39:26,False,,1.3,30895178 bytes,128
C:\Users\daan_\source\repos\DocumentSplitting\WOB_Pdfs\2020-12-11_30474038b01b8076945bc8efa171d6b0_bijlage-6-van-15-bij-tweede-deelbesluit-wob-verzoek-cov….pdf,,,,,OmniPage CSDK 19,Scanning,11-12-2020 14:09:47,30-11-2021 16:39:26,False,nl,1.3,12516851 bytes,82
C:\Users\daan_\source\repos\DocumentSplitting\WOB_Pdfs\2020-12-11_30474038b01b8076945bc8efa171d6b0_bijlage-7-van-15-bij-tweede-deelbesluit-wob-verzoek-cov….pdf,,,,,OmniPage CSDK 19,Scanning,11-12-2020 16:10:07,30-11-2021 16:39:26,False,,1.3,25823300 bytes,103
C:\Users\daan_\source\repos\DocumentSplitting\WOB_Pdfs\2020-12-11_30474038b01b8076945bc8efa171d6b0_bijlage-8-van-15-bij-tweede-deelbesluit-wob-verzoek-cov….pdf,,,,,OmniPage CSDK 19,Scanning,11-12-2020 15:45:43,30-11-2021 16:39:26,False,,1.3,26566111 bytes,111
C:\Users\daan_\source\repos\DocumentSplitting\WOB_Pdfs\2020-12-11_30474038b01b8076945bc8efa171d6b0_bijlage-9-van-15-bij-tweede-deelbesluit-wob-verzoek-cov….pdf,,,,,OmniPage CSDK 19,Scanning,11-12-2020 15:52:12,30-11-2021 16:39:27,False,,1.3,21533357 bytes,81
C:\Users\daan_\source\repos\DocumentSplitting\WOB_Pdfs\2020-12-11_30474038b01b8076945bc8efa171d6b0_inventarislijst.pdf,,,,,OmniPage CSDK 19,Scanning,11-12-2020 15:20:56,30-11-2021 16:39:27,False,nl,1.3,1444907 bytes,3
C:\Users\daan_\source\repos\DocumentSplitting\WOB_Pdfs\2020-12-11_30474038b01b8076945bc8efa171d6b0_wob-iccb-deelbesluit-2.pdf,,,,,,,1-1-0001 00:00:00,30-11-2021 16:39:27,False,nl,1.3,2119048 bytes,7
C:\Users\daan_\source\repos\DocumentSplitting\WOB_Pdfs\2020-12-17_855c22f53e49d18948f4620d8eb7fba7_besluit-op-wob-verzoek-over-reisadvies-voor-china-door-….pdf,,,,,,,23-12-2020 10:39:30,30-11-2021 16:39:27,False,,1.3,146143 bytes,11
C:\Users\daan_\source\repos\DocumentSplitting\WOB_Pdfs\2020-12-17_855c22f53e49d18948f4620d8eb7fba7_bijlage-1-bij-besluit-op-wob-verzoek-over-reisadvies-vo….pdf,,,,,,,23-12-2020 12:40:07,30-11-2021 16:39:27,False,,1.3,29161215 bytes,128
C:\Users\daan_\source\repos\DocumentSplitting\WOB_Pdfs\2020-12-17_855c22f53e49d18948f4620d8eb7fba7_bijlage-2-bij-besluit-op-wob-verzoek-over-reisadvies-vo….pdf,,,,,,,23-12-2020 12:40:12,30-11-2021 16:39:27,False,,1.3,2962005 bytes,17
C:\Users\daan_\source\repos\DocumentSplitting\WOB_Pdfs\2020-12-18_c818a40c1231648be4cfe5ce52aa3544_besluit-op-wob-verzoek-over-tegemoetkoming-ondernemers-….pdf,Besluit _Wob_2020_180_RVO_18122020.pdf,SchaartR,,,,Microsoft: Print To PDF,23-12-2020 11:36:22,30-11-2021 16:39:27,False,,1.3,3569192 bytes,5
C:\Users\daan_\source\repos\DocumentSplitting\WOB_Pdfs\2020-12-18_e894904cd8de2892fa1143092d638832_besluit-op-wob-verzoek-over-contacten-bedrijfsleven-cor….pdf,Besluit Wob-verzoek inz. contacten bedrijfsleven coronasteunmaatregelen,,,,PDFCreator Version 1.7.2,GPL Ghostscript 9.10,18-12-2020 11:20:08,30-11-2021 16:39:27,False,,1.3,109606 bytes,7
C:\Users\daan_\source\repos\DocumentSplitting\WOB_Pdfs\2020-12-18_e894904cd8de2892fa1143092d638832_bijlage-1-bij-besluit-op-wob-verzoek-over-contacten-bed….pdf,,,,,OmniPage CSDK 19,Scanning,15-12-2020 12:19:33,30-11-2021 16:39:27,False,en,1.3,11964410 bytes,74
C:\Users\daan_\source\repos\DocumentSplitting\WOB_Pdfs\2020-12-18_e894904cd8de2892fa1143092d638832_bijlage-2-bij-besluit-op-wob-verzoek-over-contacten-bed….pdf,,,,,OmniPage CSDK 19,Scanning,15-12-2020 12:22:51,30-11-2021 16:39:27,False,en,1.3,15709735 bytes,74
C:\Users\daan_\source\repos\DocumentSplitting\WOB_Pdfs\2020-12-18_e894904cd8de2892fa1143092d638832_bijlage-3-bij-besluit-op-wob-verzoek-over-contacten-bed….pdf,,,,,OmniPage CSDK 19,Scanning,15-12-2020 12:22:12,30-11-2021 16:39:27,False,en,1.3,14720331 bytes,80
C:\Users\daan_\source\repos\DocumentSplitting\WOB_Pdfs\2020-12-18_e894904cd8de2892fa1143092d638832_inventarislijst-bij-besluit-op-wob-verzoek-over-contact….pdf,2020-069 Bijlage 2 - Gecombineerde inventarislijst,,,,PDFCreator Version 1.7.2,GPL Ghostscript 9.10,18-12-2020 11:30:24,30-11-2021 16:39:27,False,,1.3,53535 bytes,5
C:\Users\daan_\source\repos\DocumentSplitting\WOB_Pdfs\2021-02-12_f6a6f1e9d73ed2d0e66d22f1312a7641_besluit-op-wob-verzoek.pdf,,,,,,,1-1-0001 00:00:00,30-11-2021 16:39:27,False,NL-NL,1.3,143596 bytes,9
C:\Users\daan_\source\repos\DocumentSplitting\WOB_Pdfs\2021-02-12_f6a6f1e9d73ed2d0e66d22f1312a7641_deels-openbare-documenten.pdf,,,,,,,1-1-0001 00:00:00,30-11-2021 16:39:27,False,,1.3,1498696 bytes,15
C:\Users\daan_\source\repos\DocumentSplitting\WOB_Pdfs\2021-02-12_f6a6f1e9d73ed2d0e66d22f1312a7641_inventarislijst.pdf,,Koese-Köse. S. (Senem) - HBJZ,,,Acrobat PDFMaker 20 voor Excel,Adobe PDF Library 20.12.80,8-2-2021 15:30:57,30-11-2021 16:39:27,False,NL-NL,1.3,83733 bytes,1
C:\Users\daan_\source\repos\DocumentSplitting\WOB_Pdfs\2021-02-16_8c1da855d257e259b6bdee0c68f9c4f6_besluit-wob-verzoek-gespreksverslagen-mbvom.pdf,,,,,OmniPage CSDK 19,Scanning,12-2-2021 11:18:21,30-11-2021 16:39:27,False,en,1.3,731310 bytes,4
C:\Users\daan_\source\repos\DocumentSplitting\WOB_Pdfs\2021-02-18_41fedde7ea03bdd9ac5cd92c7f7cfd43_besluit-op-wob-verzoek.pdf,20210205 Besluit Wob-verzoek dhr. Hofstrajdj.pdf,hanniarkesteijn,,,PDFCreator Version 1.7.3,GPL Ghostscript 9.10,15-2-2021 10:21:23,30-11-2021 16:39:27,False,,1.3,77247 bytes,2
C:\Users\daan_\source\repos\DocumentSplitting\WOB_Pdfs\2021-02-18_41fedde7ea03bdd9ac5cd92c7f7cfd43_documenten.pdf,,,,,Adobe Acrobat Pro 10.1.6,Adobe Acrobat Pro 10.1.6,15-1-2021 15:52:22,30-11-2021 16:39:27,False,,1.3,3315536 bytes,29
C:\Users\daan_\source\repos\DocumentSplitting\WOB_Pdfs\2021-02-18_41fedde7ea03bdd9ac5cd92c7f7cfd43_inventarislijst.pdf,Inventarislijst Wob-verzoek Hofstra,annemiddeldorp,,,PDFCreator Version 1.7.3,GPL Ghostscript 9.10,4-2-2021 18:04:04,30-11-2021 16:39:27,False,,1.3,33169 bytes,1
C:\Users\daan_\source\repos\DocumentSplitting\WOB_Pdfs\2021-02-18_b1ab011d8ce964adfb85fd6d445e214b_besluit.pdf,,Drenthe. K (Karin) (DJZ/SECR),,,Adobe Acrobat Pro 2017 17.11.30078,Adobe Acrobat Pro 2017 17.11.30078,18-2-2021 13:33:16,30-11-2021 16:39:27,False,,1.3,198406 bytes,7
C:\Users\daan_\source\repos\DocumentSplitting\WOB_Pdfs\2021-02-18_b1ab011d8ce964adfb85fd6d445e214b_documenten.pdf,,,,,ZyLAB PDF export module,ZyLAB PDF export module,22-1-2021 08:25:48,30-11-2021 16:39:27,False,,1.3,5031348 bytes,69
C:\Users\daan_\source\repos\DocumentSplitting\WOB_Pdfs\2021-02-18_b1ab011d8ce964adfb85fd6d445e214b_inventarislijst.pdf,,Vanderstappen. R (Robin) (DJZ/PUBLIEK),,,Acrobat PDFMaker 20 voor Word,Adobe PDF Library 20.12.80,1-2-2021 08:58:12,30-11-2021 16:39:27,False,NL-NL,1.3,110455 bytes,3
C:\Users\daan_\source\repos\DocumentSplitting\WOB_Pdfs\2021-02-18_c5744f2f99e5382c8d2e02ace719cade_besluit.pdf,,Drenthe. K (Karin) (DJZ/SECR),,,Adobe Acrobat Pro 2017 17.11.30078,Adobe Acrobat Pro 2017 17.11.30078,18-2-2021 13:46:52,30-11-2021 16:39:27,False,,1.3,179794 bytes,7
C:\Users\daan_\source\repos\DocumentSplitting\WOB_Pdfs\2021-02-18_c5744f2f99e5382c8d2e02ace719cade_documenten.pdf,,,,,ZyLAB PDF export module,ZyLAB PDF export module,28-1-2021 14:59:32,30-11-2021 16:39:27,False,,1.3,59047070 bytes,639
C:\Users\daan_\source\repos\DocumentSplitting\WOB_Pdfs\2021-02-18_c5744f2f99e5382c8d2e02ace719cade_inventarislijst.pdf,,Duijn. WJG (Willem-Jan) van (BEDRIJF),,,Acrobat PDFMaker 17 voor Excel,Adobe PDF Library 15.0,3-2-2021 16:58:59,30-11-2021 16:39:28,False,NL-NL,1.3,349937 bytes,22
C:\Users\daan_\source\repos\DocumentSplitting\WOB_Pdfs\2021-02-18_df75b6c01539a9a9670e85d6e4527dde_besluit.pdf,,Drenthe. K (Karin) (DJZ/SECR),,,Adobe Acrobat Pro 2017 17.11.30078,Adobe Acrobat Pro 2017 17.11.30078,18-2-2021 13:23:37,30-11-2021 16:39:28,False,,1.3,205607 bytes,7
C:\Users\daan_\source\repos\DocumentSplitting\WOB_Pdfs\2021-02-18_df75b6c01539a9a9670e85d6e4527dde_documenten.pdf,,,,,ZyLAB PDF export module,ZyLAB PDF export module,22-1-2021 08:25:48,30-11-2021 16:39:28,False,,1.3,5031348 bytes,69
C:\Users\daan_\source\repos\DocumentSplitting\WOB_Pdfs\2021-02-18_df75b6c01539a9a9670e85d6e4527dde_inventarislijst.pdf,,Vanderstappen. R (Robin) (DJZ/PUBLIEK),,,Acrobat PDFMaker 20 voor Word,Adobe PDF Library 20.12.80,1-2-2021 08:58:12,30-11-2021 16:39:28,False,NL-NL,1.3,110455 bytes,3
C:\Users\daan_\source\repos\DocumentSplitting\WOB_Pdfs\2021-02-18_f7d2c584e02753d4c615d8a3aad375d7_besluit.pdf,,,,,ZyLAB PDF export module,ZyLAB PDF export module,9-2-2021 14:15:42,30-11-2021 16:39:28,False,,1.3,2327717 bytes,5
C:\Users\daan_\source\repos\DocumentSplitting\WOB_Pdfs\2021-02-18_f7d2c584e02753d4c615d8a3aad375d7_documenten.pdf,,,,,ZyLAB PDF export module,ZyLAB PDF export module,2-2-2021 09:17:10,30-11-2021 16:39:28,False,,1.3,22528532 bytes,182
C:\Users\daan_\source\repos\DocumentSplitting\WOB_Pdfs\2021-02-18_f7d2c584e02753d4c615d8a3aad375d7_inventarislijst.pdf,,Vanderstappen. R (Robin) (DJZ/PUBLIEK),,,Acrobat PDFMaker 20 voor Word,Adobe PDF Library 20.12.80,2-2-2021 09:05:12,30-11-2021 16:39:28,False,NL-NL,1.3,179746 bytes,5
C:\Users\daan_\source\repos\DocumentSplitting\WOB_Pdfs\2021-02-23_6840882ced849377be1bf609f3a54002_besluit-op-wob-verzoek-over-contracten-die-de-overheid-….pdf,,,,,,,3-2-2021 10:21:14,30-11-2021 16:39:28,False,NL-NL,1.3,139601 bytes,5
C:\Users\daan_\source\repos\DocumentSplitting\WOB_Pdfs\2021-02-23_80f41fe6be9b167bce0cd9cc87073ac0_besluit-wob-verzoek-over-covid-19.pdf,,,,,OmniPage CSDK 19,Scanning,15-2-2021 10:52:27,30-11-2021 16:39:28,False,nl,1.3,6431974 bytes,19
C:\Users\daan_\source\repos\DocumentSplitting\WOB_Pdfs\2021-02-23_80f41fe6be9b167bce0cd9cc87073ac0_bijlage-1-van-1-bij-besluit-wob-verzoek-over-covid-19.pdf,,MINVWS,,,Adobe Acrobat Pro 2017 17.11.30078,ZyLAB PDF export module,18-2-2021 13:51:28,30-11-2021 16:39:28,False,,1.3,169601420 bytes,416
C:\Users\daan_\source\repos\DocumentSplitting\WOB_Pdfs\2021-02-23_fc406f9a1e19428a996ca187ab93b4a2_besluit-i.pdf,,,,,,,1-1-0001 00:00:00,30-11-2021 16:39:28,False,NL-NL,1.3,201951 bytes,8
C:\Users\daan_\source\repos\DocumentSplitting\WOB_Pdfs\2021-02-23_fc406f9a1e19428a996ca187ab93b4a2_besluit-ii.pdf,,,,,,,1-1-0001 00:00:00,30-11-2021 16:39:28,False,NL-NL,1.3,304838 bytes,8
C:\Users\daan_\source\repos\DocumentSplitting\WOB_Pdfs\2021-02-23_fc406f9a1e19428a996ca187ab93b4a2_deels-openbare-documenten.pdf,,,,,,,17-2-2021 13:29:40,30-11-2021 16:39:29,False,,1.3,55122360 bytes,767
C:\Users\daan_\source\repos\DocumentSplitting\WOB_Pdfs\2021-02-23_fc406f9a1e19428a996ca187ab93b4a2_inventarislijst.pdf,,Koese-Köse. S. (Senem) - HBJZ,,,Acrobat PDFMaker 17 voor Excel,Adobe PDF Library 15.0,17-2-2021 13:04:44,30-11-2021 16:39:29,False,NL-NL,1.3,432497 bytes,6
C:\Users\daan_\source\repos\DocumentSplitting\WOB_Pdfs\2021-02-25_de8e1dfc72dd024906006e90e69efe5a_bijlage-1-relevante-artikelen-uit-de-wob.pdf,,,,,,,1-1-0001 00:00:00,30-11-2021 16:39:29,False,nl-NL,1.3,90946 bytes,2
C:\Users\daan_\source\repos\DocumentSplitting\WOB_Pdfs\2021-02-25_de8e1dfc72dd024906006e90e69efe5a_bijlage-2-wob-mccb-inventarislijst.pdf,,,,,,,1-1-0001 00:00:00,30-11-2021 16:39:29,False,nl,1.3,1465589 bytes,3
C:\Users\daan_\source\repos\DocumentSplitting\WOB_Pdfs\2021-02-25_de8e1dfc72dd024906006e90e69efe5a_wob-besluit-mccb.pdf,,,,,,,1-1-0001 00:00:00,30-11-2021 16:39:29,False,nl,1.3,3653349 bytes,8
C:\Users\daan_\source\repos\DocumentSplitting\WOB_Pdfs\2021-02-25_de8e1dfc72dd024906006e90e69efe5a_wob-mccb-april-2020-deel-1.pdf,,,,,,,1-1-0001 00:00:00,30-11-2021 16:39:29,False,,1.3,22252498 bytes,71
C:\Users\daan_\source\repos\DocumentSplitting\WOB_Pdfs\2021-02-25_de8e1dfc72dd024906006e90e69efe5a_wob-mccb-april-2020-deel-2.pdf,,,,,,,1-1-0001 00:00:00,30-11-2021 16:39:29,False,,1.3,12878868 bytes,61
C:\Users\daan_\source\repos\DocumentSplitting\WOB_Pdfs\2021-02-25_de8e1dfc72dd024906006e90e69efe5a_wob-mccb-juni-2020.pdf,,,,,,,1-1-0001 00:00:00,30-11-2021 16:39:29,False,,1.3,19055718 bytes,76
C:\Users\daan_\source\repos\DocumentSplitting\WOB_Pdfs\2021-02-25_de8e1dfc72dd024906006e90e69efe5a_wob-mccb-maart-2020.pdf,,,,,,,1-1-0001 00:00:00,30-11-2021 16:39:29,False,nl,1.3,9015172 bytes,43
C:\Users\daan_\source\repos\DocumentSplitting\WOB_Pdfs\2021-02-25_de8e1dfc72dd024906006e90e69efe5a_wob-mccb-mei-2020-deel-1.pdf,,,,,,,1-1-0001 00:00:00,30-11-2021 16:39:29,False,,1.3,19613670 bytes,91
C:\Users\daan_\source\repos\DocumentSplitting\WOB_Pdfs\2021-02-25_de8e1dfc72dd024906006e90e69efe5a_wob-mccb-mei-2020-deel-2.pdf,,,,,,,1-1-0001 00:00:00,30-11-2021 16:39:29,False,,1.3,27026293 bytes,109
C:\Users\daan_\source\repos\DocumentSplitting\WOB_Pdfs\2021-03-01_a89de70f832112daf6b6cad242f215ff_besluit-wob-verzoek-aangaande-scenarios-en-maatregelen-….pdf,,,,,OmniPage CSDK 19,Scanning,15-2-2021 13:16:53,30-11-2021 16:39:29,False,nl,1.3,4211286 bytes,20
C:\Users\daan_\source\repos\DocumentSplitting\WOB_Pdfs\2021-03-01_a89de70f832112daf6b6cad242f215ff_bijlage-1-van-1-bij-besluit-wob-verzoek-aangaande-scena….pdf,,,,,Adobe Acrobat Pro 2017 17.11.30078,ZyLAB PDF export module,17-2-2021 09:13:23,30-11-2021 16:39:29,False,,1.3,68559460 bytes,200
C:\Users\daan_\source\repos\DocumentSplitting\WOB_Pdfs\2021-03-03_14dc13e440430e32eb3d731b963c0e57_wob-besluit-contact-met-van-kansspelen-en-het-coronabel….pdf,,,,,Xerox WorkCentre 7556,Xerox WorkCentre 7556,24-2-2021 14:22:39,30-11-2021 16:39:29,False,,1.3,207066 bytes,2
C:\Users\daan_\source\repos\DocumentSplitting\WOB_Pdfs\2021-03-03_eaccfb88026cd4b72dabbac10364b9e4_wob-besluit-tv-uitzending-eenvandaag-en-overleggen-covi….pdf,,,,,Xerox WorkCentre 7556,Xerox WorkCentre 7556,24-2-2021 08:09:12,30-11-2021 16:39:29,False,,1.3,120107 bytes,1
C:\Users\daan_\source\repos\DocumentSplitting\WOB_Pdfs\2021-03-04_ae8422be4243a2de5a18cf773bbc050c_besluit-wob-inzake-agenda-afspraken-minister-staatssecr….pdf,,,,,,,4-3-2021 13:40:35,30-11-2021 16:39:29,False,nl,1.3,4420785 bytes,15
C:\Users\daan_\source\repos\DocumentSplitting\WOB_Pdfs\2021-03-09_f791d70b38aa94e7b61666ec2b27a4d8_besluit-wob-verzoek-inzake-informatie-met-betrekking-to….pdf,,,,,,,1-1-0001 00:00:00,30-11-2021 16:39:29,False,,1.3,323713 bytes,12
C:\Users\daan_\source\repos\DocumentSplitting\WOB_Pdfs\2021-03-09_f791d70b38aa94e7b61666ec2b27a4d8_covid-19-inventarislijst.pdf,,,,,Microsoft® Excel® voor Microsoft 365,Microsoft® Excel® voor Microsoft 365,23-2-2021 10:12:57,30-11-2021 16:39:29,False,nl-NL,1.3,132112 bytes,2
C:\Users\daan_\source\repos\DocumentSplitting\WOB_Pdfs\2021-03-09_f791d70b38aa94e7b61666ec2b27a4d8_gelakt-wob-verzoek-toezending-alle-documenten-communica….pdf,,,,,,,1-1-0001 00:00:00,30-11-2021 16:39:29,False,,1.3,1183828 bytes,2
C:\Users\daan_\source\repos\DocumentSplitting\WOB_Pdfs\2021-03-09_f791d70b38aa94e7b61666ec2b27a4d8_gelakte-stukken-covid-10-v10-geredigeerd.pdf,,,,,,,1-1-0001 00:00:00,30-11-2021 16:39:29,False,NL-NL,1.3,28593796 bytes,149
C:\Users\daan_\source\repos\DocumentSplitting\WOB_Pdfs\2021-03-22_51a2c7e46846e5d0f5b66f11f627cea9_samengevoegde-documenten-sierteeltsector-geredigeerd-de….pdf,,,,,,,1-1-0001 00:00:00,30-11-2021 16:39:30,False,NL-NL,1.3,28287992 bytes,431
C:\Users\daan_\source\repos\DocumentSplitting\WOB_Pdfs\2021-03-22_51a2c7e46846e5d0f5b66f11f627cea9_wob-verzoek-inzake-contacten-met-het-bedrijfsleven-over….pdf,,,,,,,1-1-0001 00:00:00,30-11-2021 16:39:30,False,,1.3,997229 bytes,70
C:\Users\daan_\source\repos\DocumentSplitting\WOB_Pdfs\2021-03-22_86f33b5884e2922c05105a825dd1965a_besluit.pdf,,Drenthe. K (Karin) (DJZ/SECR),,,Adobe Acrobat Pro 2017 17.11.30078,Adobe Acrobat Pro 2017 17.11.30078,22-3-2021 13:42:37,30-11-2021 16:39:30,False,,1.3,157541 bytes,5
C:\Users\daan_\source\repos\DocumentSplitting\WOB_Pdfs\2021-03-22_86f33b5884e2922c05105a825dd1965a_documenten.pdf,,Drenthe. K (Karin) (DJZ/SECR),,,Adobe Acrobat Pro 2017 17.11.30078,Adobe Acrobat Pro 2017 17.11.30078,15-3-2021 10:50:49,30-11-2021 16:39:30,False,,1.3,16868905 bytes,50
C:\Users\daan_\source\repos\DocumentSplitting\WOB_Pdfs\2021-03-22_86f33b5884e2922c05105a825dd1965a_inventarislijst.pdf,,Drenthe. K (Karin) (DJZ/SECR),,,Adobe Acrobat Pro 2017 17.11.30078,Adobe Acrobat Pro 2017 17.11.30078,22-3-2021 13:38:50,30-11-2021 16:39:30,False,,1.3,60449 bytes,1
C:\Users\daan_\source\repos\DocumentSplitting\WOB_Pdfs\2021-03-29_a3ff649ea59908478cde58fa21760c0b_besluit.pdf,,,,,,,1-1-0001 00:00:00,30-11-2021 16:39:30,False,nl-NL,1.3,374459 bytes,4
C:\Users\daan_\source\repos\DocumentSplitting\WOB_Pdfs\2021-03-29_d7daa61a74b066a989f10f68261cfe94_besluit-op-wob-verzoek-over-covid-19-gerelateerde-onder….pdf,,,,,Adobe Acrobat 20.12,Adobe Acrobat 20.12 Image Conversion Plug-in,28-1-2021 09:50:36,30-11-2021 16:39:30,False,,1.3,1023916 bytes,4
C:\Users\daan_\source\repos\DocumentSplitting\WOB_Pdfs\2021-03-29_fb2e15a16a314e4867257382da24896b_besluit.pdf,,,,,,,1-1-0001 00:00:00,30-11-2021 16:39:30,False,NL-NL,1.3,224061 bytes,3
C:\Users\daan_\source\repos\DocumentSplitting\WOB_Pdfs\2021-03-30_dda7f3e92c70dca1fa3ea7065b260be5_besluit.pdf,,,,,,,1-1-0001 00:00:00,30-11-2021 16:39:30,False,NL-NL,1.3,509514 bytes,5
C:\Users\daan_\source\repos\DocumentSplitting\WOB_Pdfs\2021-03-30_dda7f3e92c70dca1fa3ea7065b260be5_bijlage.pdf,,Grommen. E.A.E. (Erwin) - DGB,,,Acrobat PDFMaker 20 voor Word,Adobe PDF Library 20.12.80,29-3-2021 10:14:06,30-11-2021 16:39:30,False,NL-NL,1.3,68818 bytes,3
C:\Users\daan_\source\repos\DocumentSplitting\WOB_Pdfs\2021-03-31_78780746b972ec32aa354b00dff31209_besluit-i.pdf,,,,,,,1-1-0001 00:00:00,30-11-2021 16:39:30,False,nl,1.3,2381861 bytes,6
C:\Users\daan_\source\repos\DocumentSplitting\WOB_Pdfs\2021-03-31_78780746b972ec32aa354b00dff31209_besluit-ii.pdf,,,,,,,1-1-0001 00:00:00,30-11-2021 16:39:30,False,nl,1.3,2349813 bytes,6
C:\Users\daan_\source\repos\DocumentSplitting\WOB_Pdfs\2021-03-31_78780746b972ec32aa354b00dff31209_bijlage-1.pdf,,,,,OmniPage CSDK 19,Scanning,23-3-2021 14:03:52,30-11-2021 16:39:30,False,,1.3,46458093 bytes,181
C:\Users\daan_\source\repos\DocumentSplitting\WOB_Pdfs\2021-03-31_78780746b972ec32aa354b00dff31209_bijlage-2.pdf,,,,,OmniPage CSDK 19,Scanning,23-3-2021 14:13:33,30-11-2021 16:39:30,False,,1.3,24774840 bytes,135
C:\Users\daan_\source\repos\DocumentSplitting\WOB_Pdfs\2021-03-31_78780746b972ec32aa354b00dff31209_inventarislijst.pdf,Inventarislijst 20-0062 definitief laatste versie..xlsx,DGameren,,,,Microsoft: Print To PDF,23-3-2021 14:39:01,30-11-2021 16:39:30,False,,1.3,415264 bytes,9
C:\Users\daan_\source\repos\DocumentSplitting\WOB_Pdfs\2021-04-01_0068ed0b40cca6270f857d2614cc63c0_besluit.pdf,,Hardiwinangun. HL (Dea) (DJZ/PUBLIEK),,,Microsoft® Word 2016,Microsoft® Word 2016,1-4-2021 12:21:38,30-11-2021 16:39:30,False,,1.3,155827 bytes,3
C:\Users\daan_\source\repos\DocumentSplitting\WOB_Pdfs\2021-04-01_0068ed0b40cca6270f857d2614cc63c0_document.pdf,,Hardiwinangun. HL (Dea) (DJZ/PUBLIEK),,,Microsoft® Word 2016,Microsoft® Word 2016,25-3-2021 09:22:44,30-11-2021 16:39:30,False,,1.3,97452 bytes,1
C:\Users\daan_\source\repos\DocumentSplitting\WOB_Pdfs\2021-04-01_34828b70c527f7eaa9f00a6f0b580bd7_besluit-op-wob-verzoek-1-voor-publicatie.pdf,The PDF document is protected with an encryption not supported by PDFsharp.,,,,,,30-11-2021 16:39:30,1-1-0001 00:00:00,False,,1.4,0 bytes,0
C:\Users\daan_\source\repos\DocumentSplitting\WOB_Pdfs\2021-04-01_34828b70c527f7eaa9f00a6f0b580bd7_besluit-op-wob-verzoek-2-voor-publicatie.pdf,The PDF document is protected with an encryption not supported by PDFsharp.,,,,,,30-11-2021 16:39:30,1-1-0001 00:00:00,False,,1.4,0 bytes,0
C:\Users\daan_\source\repos\DocumentSplitting\WOB_Pdfs\2021-04-01_34828b70c527f7eaa9f00a6f0b580bd7_besluit-op-wob-verzoek-3-voor-publicatie.pdf,The PDF document is protected with an encryption not supported by PDFsharp.,,,,,,30-11-2021 16:39:30,1-1-0001 00:00:00,False,,1.4,0 bytes,0
C:\Users\daan_\source\repos\DocumentSplitting\WOB_Pdfs\2021-04-01_34828b70c527f7eaa9f00a6f0b580bd7_besluit-op-wob-verzoek-4-voor-publicatie.pdf,The PDF document is protected with an encryption not supported by PDFsharp.,,,,,,30-11-2021 16:39:30,1-1-0001 00:00:00,False,,1.4,0 bytes,0
C:\Users\daan_\source\repos\DocumentSplitting\WOB_Pdfs\2021-04-01_34828b70c527f7eaa9f00a6f0b580bd7_besluit-op-wob-verzoek-5-voor-publicatie.pdf,The PDF document is protected with an encryption not supported by PDFsharp.,,,,,,30-11-2021 16:39:30,1-1-0001 00:00:00,False,,1.4,0 bytes,0
C:\Users\daan_\source\repos\DocumentSplitting\WOB_Pdfs\2021-04-01_34828b70c527f7eaa9f00a6f0b580bd7_bijlage-2-inventarislijst-voor-publicatie.pdf,,,,,OmniPage CSDK 19,Scanning,1-4-2021 08:39:42,30-11-2021 16:39:30,False,nl,1.3,539411 bytes,2
C:\Users\daan_\source\repos\DocumentSplitting\WOB_Pdfs\2021-04-01_34828b70c527f7eaa9f00a6f0b580bd7_wob-besluit-openbaar-te-maken-documenten-publicatie.pdf,,,,,OmniPage CSDK 19,Scanning,1-4-2021 08:51:53,30-11-2021 16:39:30,False,nl,1.3,17415251 bytes,75
C:\Users\daan_\source\repos\DocumentSplitting\WOB_Pdfs\2021-04-19_2fdbfdcfe2c1a823c5063b7d4892f81b_besluit-wob-verzoek-aangaande-vaccinaties-in-de-periode….pdf,,,,,OmniPage CSDK 19,Scanning,15-4-2021 08:05:27,30-11-2021 16:39:30,False,nl,1.3,1724977 bytes,7
C:\Users\daan_\source\repos\DocumentSplitting\WOB_Pdfs\2021-04-19_2fdbfdcfe2c1a823c5063b7d4892f81b_bijlagen-bij-besluit-wob-verzoek-aangaande-vaccinaties-….pdf,,,,,FineReader,ZyLAB PDF export module,9-3-2021 15:19:38,30-11-2021 16:39:30,False,,1.3,2734361 bytes,9
C:\Users\daan_\source\repos\DocumentSplitting\WOB_Pdfs\2021-04-19_73551ea514bcecbd2330ec6102c6f776_besluit-wob-verzoek-aangaande-capaciteit-ziekenhuizen-i….pdf,,,,,OmniPage CSDK 19,Scanning,15-4-2021 07:14:45,30-11-2021 16:39:30,False,nl,1.3,1948547 bytes,8
C:\Users\daan_\source\repos\DocumentSplitting\WOB_Pdfs\2021-04-19_73551ea514bcecbd2330ec6102c6f776_bijlagen-bij-besluit-wob-verzoek-aangaande-capaciteit-z….pdf,,,,,FineReader,ZyLAB PDF export module,1-4-2021 09:27:11,30-11-2021 16:39:30,False,,1.3,4057590 bytes,13
C:\Users\daan_\source\repos\DocumentSplitting\WOB_Pdfs\2021-04-19_cda765b733568e3fab452ef4fa8a63ad_besluit-wob-verzoek-aangaande-overleggen-overig-in-de-p….pdf,,,,,OmniPage CSDK 19,Scanning,15-4-2021 07:56:20,30-11-2021 16:39:30,False,nl,1.3,5580068 bytes,19
C:\Users\daan_\source\repos\DocumentSplitting\WOB_Pdfs\2021-04-19_cda765b733568e3fab452ef4fa8a63ad_bijlagen-bij-besluit-wob-verzoek-aangaande-overleggen-o….pdf,,,,,FineReader,ZyLAB PDF export module,25-3-2021 16:20:25,30-11-2021 16:39:30,False,,1.3,142303483 bytes,385
C:\Users\daan_\source\repos\DocumentSplitting\WOB_Pdfs\2021-04-22_698e15f74560d6d2e8168198fb6fbe44_besluit-op-uw-wob-verzoek-dd-9-november-2020-mbt-covid-….pdf,,,,,,,22-4-2021 16:07:05,30-11-2021 16:39:30,False,,1.3,374097 bytes,9
C:\Users\daan_\source\repos\DocumentSplitting\WOB_Pdfs\2021-04-22_698e15f74560d6d2e8168198fb6fbe44_gelakt-lakvoorstel-denemarken-covid-19-versie-5-geredig….pdf,,,,,,,22-4-2021 16:07:59,30-11-2021 16:39:30,False,,1.3,700586 bytes,9
C:\Users\daan_\source\repos\DocumentSplitting\WOB_Pdfs\2021-04-22_698e15f74560d6d2e8168198fb6fbe44_inventarisatielijst-wob-verzoek-dd-9-november-2020-mbt-….pdf,Denemarken-COVID-19,,,,PScript5.dll Version 5.2.2,Acrobat Distiller 20.0 (Windows),20-4-2021 12:55:03,30-11-2021 16:39:31,False,,1.3,95050 bytes,1
C:\Users\daan_\source\repos\DocumentSplitting\WOB_Pdfs\2021-05-04_40f5564f839324b9af20c295dd261007_eerste-deelbesluit-wob-verzoek-aantal-aanwezigen-in-ker….pdf,,,,,PScript5.dll Version 5.2.2,Acrobat Distiller 20.0 (Windows),4-5-2021 13:39:26,30-11-2021 16:39:31,False,,1.3,3326442 bytes,8
C:\Users\daan_\source\repos\DocumentSplitting\WOB_Pdfs\2021-05-04_40f5564f839324b9af20c295dd261007_inventarislijst-eerste-deelbesluit.pdf,inventarislijst deelbesluit 1 (lijnversie) (002).xlsx,AHERTOG,,,PScript5.dll Version 5.2.2,Acrobat Distiller 20.0 (Windows),3-5-2021 06:42:35,30-11-2021 16:39:31,False,,1.3,139412 bytes,3
C:\Users\daan_\source\repos\DocumentSplitting\WOB_Pdfs\2021-05-04_40f5564f839324b9af20c295dd261007_wob-documenten.pdf,,,,,ZyLAB PDF export module,ZyLAB PDF export module,13-4-2021 08:12:54,30-11-2021 16:39:31,False,,1.3,1071741152 bytes,425
C:\Users\daan_\source\repos\DocumentSplitting\WOB_Pdfs\2021-05-04_cddd7df80f644b73ef97e30b9888245d_documenten-denemarken-covid-19-v9-geredigeerd.pdf,,,,,,,1-1-0001 00:00:00,30-11-2021 16:39:31,False,,1.3,2210693 bytes,29
C:\Users\daan_\source\repos\DocumentSplitting\WOB_Pdfs\2021-05-04_cddd7df80f644b73ef97e30b9888245d_inventarislijst-denemarken-covid-19.pdf,Denemarken-COVID-19_Inventarislijst V7.xlsx,,,,PScript5.dll Version 5.2.2,Acrobat Distiller 20.0 (Windows),23-4-2021 09:36:58,30-11-2021 16:39:31,False,,1.3,119663 bytes,3
C:\Users\daan_\source\repos\DocumentSplitting\WOB_Pdfs\2021-05-04_cddd7df80f644b73ef97e30b9888245d_wob-omtrent-informatie-mbt-sanering-nertsenhouderijen-s….pdf,,,,,,,1-1-0001 00:00:00,30-11-2021 16:39:31,False,,1.3,357038 bytes,10
C:\Users\daan_\source\repos\DocumentSplitting\WOB_Pdfs\2021-05-11_a64b5c35d53d2e33ad29c4c61018a7ea_besluit-wob-verzoek-aangaande-testen-in-de-periode-febr….pdf,,,,,OmniPage CSDK 19,Scanning,10-5-2021 11:03:57,30-11-2021 16:39:31,False,nl,1.3,4218296 bytes,12
C:\Users\daan_\source\repos\DocumentSplitting\WOB_Pdfs\2021-05-11_a64b5c35d53d2e33ad29c4c61018a7ea_bijlagen-bij-besluit-wob-verzoek-aangaande-testen-in-de….pdf,,,,,,,28-4-2021 09:30:54,30-11-2021 16:39:31,False,,1.3,39456789 bytes,219
C:\Users\daan_\source\repos\DocumentSplitting\WOB_Pdfs\2021-05-11_fa1882d312db1389abfca529f31c3408_beslissing-op-bezwaar-wob-verzoek-aantal-aanwezigen-in-….pdf,,,,,,,1-1-0001 00:00:00,30-11-2021 16:39:31,False,nl,1.3,10969435 bytes,25
C:\Users\daan_\source\repos\DocumentSplitting\WOB_Pdfs\2021-05-11_fa1882d312db1389abfca529f31c3408_inventarislijst-beslissing-op-bezwaar.pdf,,Langen. L. van - BD/DWJZ/JZW,,,Microsoft® Word 2016,Microsoft® Word 2016,11-5-2021 08:37:22,30-11-2021 16:39:31,False,nl-NL,1.3,306135 bytes,7
C:\Users\daan_\source\repos\DocumentSplitting\WOB_Pdfs\2021-05-11_fa1882d312db1389abfca529f31c3408_wob-documenten.pdf,,,,,Adobe Acrobat 20.13,Adobe Acrobat 20.13 Image Conversion Plug-in,11-5-2021 07:45:28,30-11-2021 16:39:32,False,,1.3,23384553 bytes,98
C:\Users\daan_\source\repos\DocumentSplitting\WOB_Pdfs\2021-05-18_eb375aba46cb1fb46f895c04c1744906_besluit-wob-verzoek-hema.pdf,,,,,,,1-1-0001 00:00:00,30-11-2021 16:39:32,False,nl-NL,1.3,254598 bytes,17
C:\Users\daan_\source\repos\DocumentSplitting\WOB_Pdfs\2021-05-18_eb375aba46cb1fb46f895c04c1744906_inventarislijst-wob-verzoek-hema.pdf,,Scheltema. mr. T.M. (Terence),,,Microsoft® Word voor Microsoft 365,Adobe Acrobat Pro DC 20.12.20048,8-4-2021 08:20:26,30-11-2021 16:39:32,False,,1.3,357382 bytes,50
C:\Users\daan_\source\repos\DocumentSplitting\WOB_Pdfs\2021-05-18_eb375aba46cb1fb46f895c04c1744906_stukken-uitgestelde-verstrekking.pdf,,,,,,,1-1-0001 00:00:00,30-11-2021 16:39:32,False,,1.3,1672084 bytes,7
C:\Users\daan_\source\repos\DocumentSplitting\WOB_Pdfs\2021-05-18_eb375aba46cb1fb46f895c04c1744906_stukken-wob-verzoek-hema-gelakt-muv-stukken-uitgestelde….pdf,,,,,,,1-1-0001 00:00:00,30-11-2021 16:39:32,False,,1.3,56793066 bytes,571
C:\Users\daan_\source\repos\DocumentSplitting\WOB_Pdfs\2021-05-25_f0a3fd8ea08f26d26fd059b0bf988127_besluit-wob-verzoek-aangaande-overleggen-vws-in-de-peri….pdf,,,,,OmniPage CSDK 19,Scanning,21-5-2021 10:07:37,30-11-2021 16:39:32,False,nl,1.3,4884548 bytes,17
C:\Users\daan_\source\repos\DocumentSplitting\WOB_Pdfs\2021-05-25_f0a3fd8ea08f26d26fd059b0bf988127_samengestelde-documenten-overleg-vws-kern.pdf,,,,,FineReader,ZyLAB PDF export module,22-4-2021 14:37:45,30-11-2021 16:39:32,False,,1.3,160474896 bytes,464
C:\Users\daan_\source\repos\DocumentSplitting\WOB_Pdfs\2021-05-27_0427668d693a03d94e02b67ac2c58106_bijlage-1-relevante-artikelen-uit-de-wob.pdf,,,,,,,1-1-0001 00:00:00,30-11-2021 16:39:32,False,nl-NL,1.3,89503 bytes,2
C:\Users\daan_\source\repos\DocumentSplitting\WOB_Pdfs\2021-05-27_0427668d693a03d94e02b67ac2c58106_bijlage-2-inventarislijst-wob-goodbye-2020.pdf,,,,,,,1-1-0001 00:00:00,30-11-2021 16:39:32,False,nl,1.3,261562 bytes,1
C:\Users\daan_\source\repos\DocumentSplitting\WOB_Pdfs\2021-05-27_0427668d693a03d94e02b67ac2c58106_bijlage-3-documenten-wob-goodbye-2020.pdf,,,,,,,1-1-0001 00:00:00,30-11-2021 16:39:32,False,,1.3,23928970 bytes,131
C:\Users\daan_\source\repos\DocumentSplitting\WOB_Pdfs\2021-05-27_0427668d693a03d94e02b67ac2c58106_wob-besluit-goodbye-2020.pdf,,,,,,,1-1-0001 00:00:00,30-11-2021 16:39:32,False,nl,1.3,1368397 bytes,5
C:\Users\daan_\source\repos\DocumentSplitting\WOB_Pdfs\2021-06-02_da92c3ee15c6bd19686696fe88c6906f_besluit-wob-verzoek-np-onderwijs.pdf,,,,,OmniPage CSDK 19,Scanning,31-5-2021 12:37:03,30-11-2021 16:39:32,False,en,1.3,2500247 bytes,10
C:\Users\daan_\source\repos\DocumentSplitting\WOB_Pdfs\2021-06-02_da92c3ee15c6bd19686696fe88c6906f_bijlage-2-inventarislijst-wob-verzoek-inz-np-onderwijs.pdf,,Lemmen. Sharona,,,Acrobat PDFMaker 17 voor Excel,Adobe PDF Library 15.0,31-5-2021 11:15:15,30-11-2021 16:39:32,False,NL-NL,1.3,206117 bytes,11
C:\Users\daan_\source\repos\DocumentSplitting\WOB_Pdfs\2021-06-02_da92c3ee15c6bd19686696fe88c6906f_bijlage-3-tijdlijn-totstandkoming-np-onderwijs-voor-wob….pdf,,Kuipers. Jorien,,,Acrobat PDFMaker 17 voor Word,Adobe PDF Library 15.0,26-5-2021 09:09:41,30-11-2021 16:39:32,False,NL-NL,1.3,31918 bytes,3
C:\Users\daan_\source\repos\DocumentSplitting\WOB_Pdfs\2021-06-02_da92c3ee15c6bd19686696fe88c6906f_definitieve-set-documenten-inz-np-onderwijs-deel-1.pdf,,,,,OmniPage CSDK 19,Scanning,31-5-2021 10:05:14,30-11-2021 16:39:32,False,en,1.3,13907245 bytes,78
C:\Users\daan_\source\repos\DocumentSplitting\WOB_Pdfs\2021-06-02_da92c3ee15c6bd19686696fe88c6906f_definitieve-set-documenten-inz-np-onderwijs-deel-2.pdf,,,,,OmniPage CSDK 19,Scanning,31-5-2021 10:13:19,30-11-2021 16:39:33,False,en,1.3,20128291 bytes,98
C:\Users\daan_\source\repos\DocumentSplitting\WOB_Pdfs\2021-06-02_da92c3ee15c6bd19686696fe88c6906f_definitieve-set-documenten-inz-np-onderwijs-deel-3.pdf,,,,,OmniPage CSDK 19,Scanning,31-5-2021 10:13:10,30-11-2021 16:39:33,False,en,1.3,17282384 bytes,84
C:\Users\daan_\source\repos\DocumentSplitting\WOB_Pdfs\2021-06-02_da92c3ee15c6bd19686696fe88c6906f_definitieve-set-documenten-inz-np-onderwijs-deel-4.pdf,,,,,OmniPage CSDK 19,Scanning,31-5-2021 10:18:20,30-11-2021 16:39:33,False,en,1.3,15325177 bytes,82
C:\Users\daan_\source\repos\DocumentSplitting\WOB_Pdfs\2021-06-02_da92c3ee15c6bd19686696fe88c6906f_definitieve-set-documenten-inz-np-onderwijs-deel-5.pdf,,,,,OmniPage CSDK 19,Scanning,31-5-2021 10:22:36,30-11-2021 16:39:33,False,en,1.3,14523703 bytes,84
C:\Users\daan_\source\repos\DocumentSplitting\WOB_Pdfs\2021-06-02_da92c3ee15c6bd19686696fe88c6906f_definitieve-set-documenten-inz-np-onderwijs-deel-6.pdf,,,,,,,1-1-0001 00:00:00,30-11-2021 16:39:33,False,en,1.3,15327965 bytes,80
C:\Users\daan_\source\repos\DocumentSplitting\WOB_Pdfs\2021-06-02_da92c3ee15c6bd19686696fe88c6906f_definitieve-set-documenten-inz-np-onderwijs-deel-7.pdf,,,,,OmniPage CSDK 19,Scanning,31-5-2021 09:19:31,30-11-2021 16:39:33,False,en,1.3,14616141 bytes,62
C:\Users\daan_\source\repos\DocumentSplitting\WOB_Pdfs\2021-06-02_da92c3ee15c6bd19686696fe88c6906f_definitieve-set-documenten-inz-np-onderwijs-deel-8.pdf,,,,,OmniPage CSDK 19,Scanning,31-5-2021 09:34:23,30-11-2021 16:39:33,False,en,1.3,7606142 bytes,57
C:\Users\daan_\source\repos\DocumentSplitting\WOB_Pdfs\2021-06-02_da92c3ee15c6bd19686696fe88c6906f_definitieve-set-documenten-inz-np-onderwijs-deel-9.pdf,,,,,OmniPage CSDK 19,Scanning,31-5-2021 09:20:04,30-11-2021 16:39:33,False,en,1.3,7160090 bytes,42
C:\Users\daan_\source\repos\DocumentSplitting\WOB_Pdfs\2021-06-08_07e2b274045cb5b4f54371a3c905cae9_inventarislijst.pdf,,,,,,,1-1-0001 00:00:00,30-11-2021 16:39:33,False,nl-NL,1.3,403631 bytes,2
C:\Users\daan_\source\repos\DocumentSplitting\WOB_Pdfs\2021-06-08_07e2b274045cb5b4f54371a3c905cae9_wob-besluit.pdf,,,,,,,1-1-0001 00:00:00,30-11-2021 16:39:33,False,nl-NL,1.3,290805 bytes,3
C:\Users\daan_\source\repos\DocumentSplitting\WOB_Pdfs\2021-06-08_07e2b274045cb5b4f54371a3c905cae9_wobverzoek-mccb-catshuis.pdf,,,,,,,1-1-0001 00:00:00,30-11-2021 16:39:33,False,,1.3,2647409 bytes,85
C:\Users\daan_\source\repos\DocumentSplitting\WOB_Pdfs\2021-06-08_d6b6d7c3080a7e30e39e8be2451f35d8_besluit-op-uw-wob-verzoek-dd-16-december-2020-inzake-ui….pdf,,,,,,,1-1-0001 00:00:00,30-11-2021 16:39:33,False,nl-NL,1.3,155520 bytes,8
C:\Users\daan_\source\repos\DocumentSplitting\WOB_Pdfs\2021-06-08_d6b6d7c3080a7e30e39e8be2451f35d8_documenten-wob-detailhandel.pdf,,,,,,,3-6-2021 06:56:28,30-11-2021 16:39:33,False,,1.3,3668770 bytes,66
C:\Users\daan_\source\repos\DocumentSplitting\WOB_Pdfs\2021-06-08_d6b6d7c3080a7e30e39e8be2451f35d8_inventarislijst-wob-detailhandel.pdf,Microsoft Word - Inventarislijst Wob detailhandel,ZonnenbergM,,,PScript5.dll Version 5.2.2,Acrobat Distiller 20.0 (Windows),3-6-2021 06:56:12,30-11-2021 16:39:33,False,,1.3,59895 bytes,4
C:\Users\daan_\source\repos\DocumentSplitting\WOB_Pdfs\2021-06-10_d8d9c5015c9ceb952052f29e1a27ed1f_besluit-op-wob-verzoek-coronamaatregelen-dji.pdf,,,,,OmniPage CSDK 19,Scanning,28-5-2021 13:43:03,30-11-2021 16:39:33,False,nl,1.3,4629102 bytes,5
C:\Users\daan_\source\repos\DocumentSplitting\WOB_Pdfs\2021-06-10_d8d9c5015c9ceb952052f29e1a27ed1f_inventarislijst-deel-1.pdf,Inventarislijst deel 1,eddywilting,,,PDFCreator Version 1.7.3,GPL Ghostscript 9.10,12-4-2021 13:39:45,30-11-2021 16:39:33,False,,1.3,35165 bytes,1
C:\Users\daan_\source\repos\DocumentSplitting\WOB_Pdfs\2021-06-10_d8d9c5015c9ceb952052f29e1a27ed1f_inventarislijst-deel-2.pdf,Inventarislijst deel 2,eddywilting,,,PDFCreator Version 1.7.3,GPL Ghostscript 9.10,12-4-2021 13:43:26,30-11-2021 16:39:33,False,,1.3,29331 bytes,1
C:\Users\daan_\source\repos\DocumentSplitting\WOB_Pdfs\2021-06-10_d8d9c5015c9ceb952052f29e1a27ed1f_openbaar-te-maken-documenten-deel-1.pdf,,,,,Adobe Acrobat Pro 10.1.6,Adobe Acrobat Pro 10.1.6,31-5-2021 13:38:07,30-11-2021 16:39:33,False,,1.3,10493474 bytes,206
C:\Users\daan_\source\repos\DocumentSplitting\WOB_Pdfs\2021-06-10_d8d9c5015c9ceb952052f29e1a27ed1f_openbaar-te-maken-documenten-deel-2.pdf,,,,,Adobe Acrobat Pro 10.1.6,Adobe Acrobat Pro 10.1.6,31-5-2021 13:38:31,30-11-2021 16:39:34,False,,1.3,10437489 bytes,161
C:\Users\daan_\source\repos\DocumentSplitting\WOB_Pdfs\2021-06-10_d8d9c5015c9ceb952052f29e1a27ed1f_openbaar-te-maken-documenten-deel-3.pdf,,,,,Adobe Acrobat Pro 10.1.6,Adobe Acrobat Pro 10.1.6,31-5-2021 13:38:46,30-11-2021 16:39:34,False,,1.3,10170111 bytes,166
C:\Users\daan_\source\repos\DocumentSplitting\WOB_Pdfs\2021-06-10_d8d9c5015c9ceb952052f29e1a27ed1f_openbaar-te-maken-documenten-deel-4.pdf,,,,,Adobe Acrobat Pro 10.1.6,Adobe Acrobat Pro 10.1.6,31-5-2021 13:39:17,30-11-2021 16:39:34,False,,1.3,10417350 bytes,435
C:\Users\daan_\source\repos\DocumentSplitting\WOB_Pdfs\2021-06-10_d8d9c5015c9ceb952052f29e1a27ed1f_openbaar-te-maken-documenten-deel-5.pdf,,,,,Adobe Acrobat Pro 10.1.6,Adobe Acrobat Pro 10.1.6,31-5-2021 13:39:59,30-11-2021 16:39:35,False,,1.3,10414599 bytes,155
C:\Users\daan_\source\repos\DocumentSplitting\WOB_Pdfs\2021-06-10_d8d9c5015c9ceb952052f29e1a27ed1f_openbaar-te-maken-documenten-deel-6.pdf,,,,,Adobe Acrobat Pro 10.1.6,Adobe Acrobat Pro 10.1.6,31-5-2021 13:40:32,30-11-2021 16:39:35,False,,1.3,4776084 bytes,98
C:\Users\daan_\source\repos\DocumentSplitting\WOB_Pdfs\2021-06-14_82493e06e956a0262e67e32167c32ff4_besluit.pdf,,Vanderstappen. R (Robin) (DJZ/PUBLIEK),,,Acrobat PDFMaker 20 voor Word,Adobe PDF Library 20.13.106,14-6-2021 12:36:59,30-11-2021 16:39:35,False,NL-NL,1.3,122560 bytes,4
C:\Users\daan_\source\repos\DocumentSplitting\WOB_Pdfs\2021-06-14_82493e06e956a0262e67e32167c32ff4_documenten.pdf,,,,,ZyLAB PDF export module,ZyLAB PDF export module,14-6-2021 11:53:53,30-11-2021 16:39:35,False,,1.3,29303427 bytes,91
C:\Users\daan_\source\repos\DocumentSplitting\WOB_Pdfs\2021-06-14_82493e06e956a0262e67e32167c32ff4_inventarislijst.pdf,,Spies. Rink,,,Microsoft® Excel® 2016,Microsoft® Excel® 2016,12-5-2021 13:44:41,30-11-2021 16:39:35,False,nl-NL,1.3,269799 bytes,4
C:\Users\daan_\source\repos\DocumentSplitting\WOB_Pdfs\2021-06-16_3441cf60e6981c7a2d61298d4253d1ad_bijlage-3-documenten-bij-besluit-bik.pdf,,,,,,,16-6-2021 16:34:28,30-11-2021 16:39:35,False,,1.3,2508095 bytes,47
C:\Users\daan_\source\repos\DocumentSplitting\WOB_Pdfs\2021-06-16_3441cf60e6981c7a2d61298d4253d1ad_wob-besluit-wob-verzoek-dd-18-september-2020-inzake-bik.pdf,,,,,,,16-6-2021 16:33:34,30-11-2021 16:39:35,False,,1.3,4577463 bytes,11
C:\Users\daan_\source\repos\DocumentSplitting\WOB_Pdfs\2021-06-16_8b8890d6058f24465456cc410f4262ae_besluit.pdf,,Lammers. A (Andrea) (DJZ/PUBLIEK),,,Acrobat PDFMaker 20 voor Word,Adobe PDF Library 20.13.106,16-6-2021 14:18:05,30-11-2021 16:39:35,False,NL-NL,1.3,142794 bytes,5
C:\Users\daan_\source\repos\DocumentSplitting\WOB_Pdfs\2021-06-16_8b8890d6058f24465456cc410f4262ae_documenten.pdf,,,,,ZyLAB PDF export module,ZyLAB PDF export module,14-5-2021 10:50:47,30-11-2021 16:39:35,False,,1.3,6172282 bytes,72
C:\Users\daan_\source\repos\DocumentSplitting\WOB_Pdfs\2021-06-16_8b8890d6058f24465456cc410f4262ae_inventarislijst.pdf,,Spies. Rink,,,Microsoft® Excel® 2016,Microsoft® Excel® 2016,29-1-2021 14:10:21,30-11-2021 16:39:35,False,nl-NL,1.3,233062 bytes,1
C:\Users\daan_\source\repos\DocumentSplitting\WOB_Pdfs\2021-06-16_9904debed27dad3b6d502cc34e7f6e33_besluit-wob-verzoek-dd-18-september-2020-inzake-bik-en-….pdf,,,,,,,16-6-2021 16:56:18,30-11-2021 16:39:35,False,,1.3,4026442 bytes,9
C:\Users\daan_\source\repos\DocumentSplitting\WOB_Pdfs\2021-06-16_9904debed27dad3b6d502cc34e7f6e33_bijlage-3-documenten-bij-besluit-bik-en-vpb.pdf,,,,,,,16-6-2021 16:57:40,30-11-2021 16:39:35,False,,1.3,17067960 bytes,45
C:\Users\daan_\source\repos\DocumentSplitting\WOB_Pdfs\2021-06-16_ff9481e357a59c506fc16db2aab2411a_besluit.pdf,,Lammers. A (Andrea) (DJZ/PUBLIEK),,,Acrobat PDFMaker 20 voor Word,Adobe PDF Library 20.13.106,16-6-2021 14:04:35,30-11-2021 16:39:35,False,NL-NL,1.3,143784 bytes,5
C:\Users\daan_\source\repos\DocumentSplitting\WOB_Pdfs\2021-06-16_ff9481e357a59c506fc16db2aab2411a_documenten.pdf,,,,,ZyLAB PDF export module,ZyLAB PDF export module,14-5-2021 10:50:47,30-11-2021 16:39:35,False,,1.3,6172282 bytes,72
C:\Users\daan_\source\repos\DocumentSplitting\WOB_Pdfs\2021-06-16_ff9481e357a59c506fc16db2aab2411a_inventarislijst.pdf,,Spies. Rink,,,Microsoft® Excel® 2016,Microsoft® Excel® 2016,29-1-2021 14:10:21,30-11-2021 16:39:39,False,nl-NL,1.3,233062 bytes,1
C:\Users\daan_\source\repos\DocumentSplitting\WOB_Pdfs\2021-06-17_223faebe294474832f037356bf17b5bc_afspraken-overzicht.pdf,,,,,,,1-1-0001 00:00:00,30-11-2021 16:42:13,False,NL-NL,1.3,185466 bytes,3
C:\Users\daan_\source\repos\DocumentSplitting\WOB_Pdfs\2021-06-17_223faebe294474832f037356bf17b5bc_getekende-beschikking-met-datum-geredigeerd.pdf,,,,,,,1-1-0001 00:00:00,30-11-2021 16:42:13,False,,1.3,406474 bytes,2
C:\Users\daan_\source\repos\DocumentSplitting\WOB_Pdfs\2021-06-17_cd7dd85ac9d4ba448977e064b28d5fcc_1-besluit-geanonimiseerd.pdf,,,,,Xerox WorkCentre 7556,Xerox WorkCentre 7556,17-6-2021 08:02:33,30-11-2021 16:42:13,False,,1.3,270360 bytes,6
C:\Users\daan_\source\repos\DocumentSplitting\WOB_Pdfs\2021-06-17_cd7dd85ac9d4ba448977e064b28d5fcc_a-annotaties-tbv-de-ministerraad-en-mcc-19.pdf,,,,,Xerox WorkCentre 7556,Xerox WorkCentre 7556,4-6-2021 08:56:13,30-11-2021 16:42:13,False,,1.3,3168547 bytes,13
C:\Users\daan_\source\repos\DocumentSplitting\WOB_Pdfs\2021-06-17_cd7dd85ac9d4ba448977e064b28d5fcc_b-inventarislijst-mails.pdf,,Bregman. mw. K.J.,,,Microsoft® Word 2010,Microsoft® Word 2010,17-6-2021 07:21:39,30-11-2021 16:42:13,False,nl-NL,1.3,106999 bytes,2
C:\Users\daan_\source\repos\DocumentSplitting\WOB_Pdfs\2021-06-17_cd7dd85ac9d4ba448977e064b28d5fcc_b-mails.pdf,,,,,Xerox WorkCentre 7556,Xerox WorkCentre 7556,16-6-2021 08:49:57,30-11-2021 16:42:13,False,,1.3,2207566 bytes,47
C:\Users\daan_\source\repos\DocumentSplitting\WOB_Pdfs\2021-06-17_cd7dd85ac9d4ba448977e064b28d5fcc_c-sms-berichten-mp-sg.pdf,,,,,Xerox WorkCentre 7556,Xerox WorkCentre 7556,4-6-2021 08:52:16,30-11-2021 16:42:13,False,,1.3,39559567 bytes,45
C:\Users\daan_\source\repos\DocumentSplitting\WOB_Pdfs\2021-06-17_cd7dd85ac9d4ba448977e064b28d5fcc_d1-sms-berichten-mp-ra.pdf,,,,,Xerox WorkCentre 7556,Xerox WorkCentre 7556,4-6-2021 08:21:12,30-11-2021 16:42:13,False,,1.3,2027181 bytes,33
C:\Users\daan_\source\repos\DocumentSplitting\WOB_Pdfs\2021-06-17_cd7dd85ac9d4ba448977e064b28d5fcc_d2-sms-berichten-mp-ra.pdf,,,,,Xerox WorkCentre 7556,Xerox WorkCentre 7556,4-6-2021 08:28:16,30-11-2021 16:42:13,False,,1.3,2674656 bytes,42
C:\Users\daan_\source\repos\DocumentSplitting\WOB_Pdfs\2021-06-17_cd7dd85ac9d4ba448977e064b28d5fcc_d3-sms-berichten-mp-ra.pdf,,,,,Xerox WorkCentre 7556,Xerox WorkCentre 7556,4-6-2021 08:32:59,30-11-2021 16:42:13,False,,1.3,1646204 bytes,25
C:\Users\daan_\source\repos\DocumentSplitting\WOB_Pdfs\2021-06-17_cd7dd85ac9d4ba448977e064b28d5fcc_d4-sms-berichten-mp-ra.pdf,,,,,Xerox WorkCentre 7556,Xerox WorkCentre 7556,4-6-2021 08:36:31,30-11-2021 16:42:13,False,,1.3,2008954 bytes,31
C:\Users\daan_\source\repos\DocumentSplitting\WOB_Pdfs\2021-06-17_cd7dd85ac9d4ba448977e064b28d5fcc_d5-sms-berichten-mp-ra.pdf,,,,,Xerox WorkCentre 7556,Xerox WorkCentre 7556,4-6-2021 08:40:26,30-11-2021 16:42:13,False,,1.3,1417352 bytes,24
C:\Users\daan_\source\repos\DocumentSplitting\WOB_Pdfs\2021-06-17_cd7dd85ac9d4ba448977e064b28d5fcc_d6-sms-berichten-mp-ra.pdf,,,,,Xerox WorkCentre 7556,Xerox WorkCentre 7556,4-6-2021 12:02:07,30-11-2021 16:42:13,False,,1.3,1269424 bytes,17
C:\Users\daan_\source\repos\DocumentSplitting\WOB_Pdfs\2021-06-18_1f95307518dbf35411b62adbfce7ed15_besluit-wob-verzoek-avondklok.pdf,,,,,,,1-1-0001 00:00:00,30-11-2021 16:42:14,False,nl,1.3,4761874 bytes,11
C:\Users\daan_\source\repos\DocumentSplitting\WOB_Pdfs\2021-06-18_1f95307518dbf35411b62adbfce7ed15_bijlage-2-bij-besluit-wob-verzoek-avondklok.pdf,,,,,OmniPage CSDK 19,Scanning,15-6-2021 12:20:22,30-11-2021 16:42:14,False,nl,1.3,10761071 bytes,61
C:\Users\daan_\source\repos\DocumentSplitting\WOB_Pdfs\2021-06-18_1f95307518dbf35411b62adbfce7ed15_inventarislijst-bij-besluit-wob-verzoek-avondklok.pdf,,Dongen. M.A. van - BD/DWJZ/JZW,,,Microsoft® Word 2016,Microsoft® Word 2016,17-6-2021 09:18:37,30-11-2021 16:42:14,False,nl-NL,1.3,94894 bytes,1
C:\Users\daan_\source\repos\DocumentSplitting\WOB_Pdfs\2021-06-22_54b73641825a229e04e5da3cbf89c3e0_besluit.pdf,,Lammers. A (Andrea) (DJZ/PUBLIEK),,,Acrobat PDFMaker 20 voor Word,Adobe PDF Library 20.13.106,22-6-2021 08:11:23,30-11-2021 16:42:14,False,NL-NL,1.3,152657 bytes,6
C:\Users\daan_\source\repos\DocumentSplitting\WOB_Pdfs\2021-06-22_54b73641825a229e04e5da3cbf89c3e0_documenten.pdf,,,,,ZyLAB PDF export module,ZyLAB PDF export module,4-6-2021 12:53:08,30-11-2021 16:42:14,False,,1.3,8396850 bytes,103
C:\Users\daan_\source\repos\DocumentSplitting\WOB_Pdfs\2021-06-22_54b73641825a229e04e5da3cbf89c3e0_inventarislijst.pdf,,Verbeek. M (Martijn) (DJZ/PUBLIEK),,,Microsoft® Excel® 2016,Microsoft® Excel® 2016,9-6-2021 08:41:43,30-11-2021 16:42:14,False,nl-NL,1.3,616367 bytes,2
C:\Users\daan_\source\repos\DocumentSplitting\WOB_Pdfs\2021-06-22_8fa815c695a9811628e76705e839dcbc_besluit.pdf,,,,,,,20-5-2021 13:06:37,30-11-2021 16:42:14,False,NL-NL,1.3,197232 bytes,3
C:\Users\daan_\source\repos\DocumentSplitting\WOB_Pdfs\2021-06-22_8fa815c695a9811628e76705e839dcbc_deels-openbare-documenten.pdf,,,,,FineReader,ZyLAB PDF export module,20-5-2021 12:14:48,30-11-2021 16:42:14,False,,1.3,4040653 bytes,36
C:\Users\daan_\source\repos\DocumentSplitting\WOB_Pdfs\2021-06-22_8fa815c695a9811628e76705e839dcbc_inventarislijst.pdf,,Burgers. M.J. (Michel) - HBJZ,,,Acrobat PDFMaker 20 voor Excel,Adobe PDF Library 20.13.106,20-5-2021 12:31:56,30-11-2021 16:42:14,False,NL-NL,1.3,68559 bytes,1
C:\Users\daan_\source\repos\DocumentSplitting\WOB_Pdfs\2021-06-22_99b444f2eab0dcc4abdb103e31e3908b_besluit-wob-ter-zake-mkba-s-voor-coronabeleid.pdf,,,,,,,1-1-0001 00:00:00,30-11-2021 16:42:14,False,,1.3,20317943 bytes,44
C:\Users\daan_\source\repos\DocumentSplitting\WOB_Pdfs\2021-06-22_e9433af4886d592d60e44362ef90a7cf_besluit.pdf,,,,,,,1-1-0001 00:00:00,30-11-2021 16:42:14,False,NL-NL,1.3,135620 bytes,5
C:\Users\daan_\source\repos\DocumentSplitting\WOB_Pdfs\2021-06-22_e9433af4886d592d60e44362ef90a7cf_deels-openbare-documenten.pdf,,,,,,,1-1-0001 00:00:00,30-11-2021 16:42:14,False,,1.3,888082 bytes,38
C:\Users\daan_\source\repos\DocumentSplitting\WOB_Pdfs\2021-06-22_e9433af4886d592d60e44362ef90a7cf_inventarislijst.pdf,,Koese-Köse. S. (Senem) - HBJZ,,,Acrobat PDFMaker 20 voor Excel,Adobe PDF Library 20.13.106,9-6-2021 12:16:45,30-11-2021 16:42:14,False,NL-NL,1.3,70211 bytes,1
C:\Users\daan_\source\repos\DocumentSplitting\WOB_Pdfs\2021-06-24_438722eb04bf74450d7efc32afa0d0b9_besluit-op-wob-verzoek-demonstratie-en-verstoringen-ope….pdf,,,,,,,1-1-0001 00:00:00,30-11-2021 16:42:14,False,nl,1.3,5379738 bytes,12
C:\Users\daan_\source\repos\DocumentSplitting\WOB_Pdfs\2021-06-24_438722eb04bf74450d7efc32afa0d0b9_bijlage-2-inventarislijst-wob-besluit.pdf,,Linden. mr. M. van der - BD/DWJZ/JZW,,,Microsoft® Word 2016,Microsoft® Word 2016,22-6-2021 17:13:47,30-11-2021 16:42:14,False,nl-NL,1.3,87249 bytes,1
C:\Users\daan_\source\repos\DocumentSplitting\WOB_Pdfs\2021-06-24_ec59d18227ae89899be3f69f57879a60_besluit-op-bezwaar-tegen-het-wob-besluit-over-amvs-in-g….pdf,,,,,,,1-1-0001 00:00:00,30-11-2021 16:42:14,False,NL-NL,1.3,151712 bytes,10
C:\Users\daan_\source\repos\DocumentSplitting\WOB_Pdfs\2021-06-24_ec59d18227ae89899be3f69f57879a60_bijlage-1-inventarislijst-bob.pdf,,Denkers. dr. J.P. - BD/IJenV/SKB/CKK,,,Microsoft® Word 2016,Microsoft® Word 2016,22-6-2021 13:11:55,30-11-2021 16:42:14,False,nl-NL,1.3,106447 bytes,2
C:\Users\daan_\source\repos\DocumentSplitting\WOB_Pdfs\2021-06-24_ec59d18227ae89899be3f69f57879a60_bijlage-2-wob-artikelen.pdf,,Denkers J.P. - BD/DWJZ/WKB,,,Microsoft® Word 2016,Microsoft® Word 2016,22-6-2021 13:12:27,30-11-2021 16:42:14,False,nl-NL,1.3,268065 bytes,2
C:\Users\daan_\source\repos\DocumentSplitting\WOB_Pdfs\2021-06-24_ec59d18227ae89899be3f69f57879a60_samengevoegde-openbaar-te-maken-stukken-besluit-op-bezw….pdf,,,,,Adobe Acrobat Pro DC 20.13.20074,Adobe Acrobat Pro DC 20.13.20074,17-6-2021 08:47:00,30-11-2021 16:42:15,False,,1.3,134672838 bytes,213
C:\Users\daan_\source\repos\DocumentSplitting\WOB_Pdfs\2021-07-06_78c3d4c6be0d1a290637fa8e01cdfbad_eerdere-wob-besluiten-iccb-stukken-en-mccb-stukken.pdf,Microsoft Word - Document2,AHERTOG,,,PScript5.dll Version 5.2.2,Acrobat Distiller 20.0 (Windows),17-6-2021 06:56:44,30-11-2021 16:42:15,False,,1.3,28490231 bytes,131
C:\Users\daan_\source\repos\DocumentSplitting\WOB_Pdfs\2021-07-06_78c3d4c6be0d1a290637fa8e01cdfbad_inventarislijst-tweede-deelbesluit.pdf,Inventarislijst deelbesluit 2 versie 5 juli.xlsx,AHERTOG,,,PScript5.dll Version 5.2.2,Acrobat Distiller 20.0 (Windows),5-7-2021 19:45:33,30-11-2021 16:42:15,False,,1.3,177602 bytes,3
C:\Users\daan_\source\repos\DocumentSplitting\WOB_Pdfs\2021-07-06_78c3d4c6be0d1a290637fa8e01cdfbad_tweede-deelbesluit-wob-verzoek-aantal-aanwezigen-in-ker….pdf,,,,,PScript5.dll Version 5.2.2,Acrobat Distiller 20.0 (Windows),6-7-2021 14:30:49,30-11-2021 16:42:15,False,,1.3,257631 bytes,15
C:\Users\daan_\source\repos\DocumentSplitting\WOB_Pdfs\2021-07-06_78c3d4c6be0d1a290637fa8e01cdfbad_wob-documenten.pdf,,,,,Tesseract,ZyLAB PDF export module,6-7-2021 14:39:24,30-11-2021 16:42:15,False,,1.3,89003880 bytes,308
C:\Users\daan_\source\repos\DocumentSplitting\WOB_Pdfs\2021-07-12_3eb1739eb67fd9a571289bbebf16c4b9_besluit-op-wob-verzoek-coronabeleid-dji.pdf,,,,,OmniPage CSDK 19,Scanning,29-6-2021 08:06:12,30-11-2021 16:42:15,False,nl,1.3,2942089 bytes,2
C:\Users\daan_\source\repos\DocumentSplitting\WOB_Pdfs\2021-07-22_c56dc5bb26e8d3b0380ea41d4f6c8748_besluit-op-uw-wob-verzoek-avondklok.pdf,,,,,,,22-7-2021 09:14:43,30-11-2021 16:42:15,False,nl,1.3,3166286 bytes,6
C:\Users\daan_\source\repos\DocumentSplitting\WOB_Pdfs\2021-07-22_c56dc5bb26e8d3b0380ea41d4f6c8748_inventarislijst-avondklok.pdf,,,,,OmniPage CSDK 19,Scanning,15-7-2021 11:26:51,30-11-2021 16:42:15,False,nl,1.3,266780 bytes,1
C:\Users\daan_\source\repos\DocumentSplitting\WOB_Pdfs\2021-07-22_c56dc5bb26e8d3b0380ea41d4f6c8748_openbare-stukken-wob-verzoek-juridische-procedure-avond….pdf,,,,,Tesseract,ZyLAB PDF export module,12-7-2021 09:26:04,30-11-2021 16:42:16,False,,1.3,4971526 bytes,37
C:\Users\daan_\source\repos\DocumentSplitting\WOB_Pdfs\2021-07-23_8e1ada20ffbd0997b2fe44747fc49f19_02-23-re-terugmelding-overleg-ministers-met-klm-en-s-ge….pdf,,,,,,,14-7-2021 12:08:24,30-11-2021 16:42:16,False,,1.3,63459 bytes,2
C:\Users\daan_\source\repos\DocumentSplitting\WOB_Pdfs\2021-07-23_8e1ada20ffbd0997b2fe44747fc49f19_besluit.pdf,,,,,,,1-1-0001 00:00:00,30-11-2021 16:42:16,False,,1.3,1666749 bytes,3
C:\Users\daan_\source\repos\DocumentSplitting\WOB_Pdfs\2021-07-23_8e1ada20ffbd0997b2fe44747fc49f19_inventarislijst.pdf,,,,,OmniPage CSDK 19,Scanning,14-7-2021 12:10:13,30-11-2021 16:42:16,False,,1.3,5231950 bytes,13
C:\Users\daan_\source\repos\DocumentSplitting\WOB_Pdfs\2021-07-26_3ee644b02189ec45794dd998ac5da5b5_besluit.pdf,,Lammers. A (Andrea) (DJZ/PUBLIEK),,,Acrobat PDFMaker 20 voor Word,Adobe PDF Library 20.13.106,26-7-2021 09:07:18,30-11-2021 16:42:16,False,NL-NL,1.3,148941 bytes,5
C:\Users\daan_\source\repos\DocumentSplitting\WOB_Pdfs\2021-07-26_3ee644b02189ec45794dd998ac5da5b5_documenten.pdf,,,,,ZyLAB PDF export module,ZyLAB PDF export module,30-6-2021 07:32:51,30-11-2021 16:42:16,False,,1.3,10989785 bytes,115
C:\Users\daan_\source\repos\DocumentSplitting\WOB_Pdfs\2021-07-26_3ee644b02189ec45794dd998ac5da5b5_inventarislijst.pdf,,Spies. Rink,,,Microsoft® Excel® 2016,Microsoft® Excel® 2016,29-6-2021 15:53:40,30-11-2021 16:42:16,False,nl-NL,1.3,481191 bytes,1
C:\Users\daan_\source\repos\DocumentSplitting\WOB_Pdfs\2021-07-26_f5c3fd7acf596f8df50bcda7303a0b70_besluit.pdf,,,,,OmniPage CSDK 19,Scanning,18-8-2020 08:42:23,30-11-2021 16:42:16,False,nl,1.3,1886941 bytes,8
C:\Users\daan_\source\repos\DocumentSplitting\WOB_Pdfs\2021-07-26_f5c3fd7acf596f8df50bcda7303a0b70_bijlagen.pdf,,,,,OmniPage CSDK 19,Scanning,18-8-2020 08:33:31,30-11-2021 16:42:16,False,,1.3,4549807 bytes,31
C:\Users\daan_\source\repos\DocumentSplitting\WOB_Pdfs\2021-07-27_c8ac2523e330bab1b6b562f8713764b3_besluit-tot-openbaarmaking-van-informatie-over-iva.pdf,,,,,OmniPage CSDK 19,Scanning,26-7-2021 06:42:00,30-11-2021 16:42:16,False,nl,1.3,4186237 bytes,34
C:\Users\daan_\source\repos\DocumentSplitting\WOB_Pdfs\2021-07-27_c8ac2523e330bab1b6b562f8713764b3_bijlagen-bij-besluit-tot-openbaarmaking-van-informatie-….pdf,,,,,FineReader,ZyLAB PDF export module,15-7-2021 09:46:54,30-11-2021 16:42:18,False,,1.3,258470358 bytes,729
C:\Users\daan_\source\repos\DocumentSplitting\WOB_Pdfs\2021-07-27_d0a3da65f9764d0d423718e662182c11_besluit-wob-verzoek-apotex-bijlage-1-en-2.pdf,,,,,,,1-1-0001 00:00:00,30-11-2021 16:42:18,False,nl,1.3,10321886 bytes,32
C:\Users\daan_\source\repos\DocumentSplitting\WOB_Pdfs\2021-07-27_d0a3da65f9764d0d423718e662182c11_bijlage-3.pdf,,,,,,,22-7-2021 11:36:24,30-11-2021 16:42:18,False,,1.3,13205316 bytes,226
C:\Users\daan_\source\repos\DocumentSplitting\WOB_Pdfs\2021-08-04_f38ebe070e06430b0c2793fd3fe8801b_besluit-wob-verzoek-dd12-oktober-2020-inzake-notities-b….pdf,,,,,,,1-1-0001 00:00:00,30-11-2021 16:42:19,False,,1.3,47067031 bytes,289
C:\Users\daan_\source\repos\DocumentSplitting\WOB_Pdfs\2021-08-05_4991dc6aed6e1369f58e6bc1996d5e2d_besluit-wob-verzoek-dd-9-juni-2020-inzake-contact-met-h….pdf,,,,,,,1-1-0001 00:00:00,30-11-2021 16:42:19,False,nl,1.3,4498283 bytes,9
C:\Users\daan_\source\repos\DocumentSplitting\WOB_Pdfs\2021-08-05_4991dc6aed6e1369f58e6bc1996d5e2d_inventarislijst-wob-verzoek-9-juni-2020-inzake-contact-….pdf,,,,,,,1-1-0001 00:00:00,30-11-2021 16:42:19,False,NL-NL,1.3,376600 bytes,36
C:\Users\daan_\source\repos\DocumentSplitting\WOB_Pdfs\2021-08-05_4991dc6aed6e1369f58e6bc1996d5e2d_paginas-van-samengevoegd-document-850-paginas-met-uitge….pdf,,,,,,,1-1-0001 00:00:00,30-11-2021 16:42:19,False,,1.3,42486578 bytes,170
C:\Users\daan_\source\repos\DocumentSplitting\WOB_Pdfs\2021-08-16_17967f10340f6de2a79ba984209b4a2c_besluit.pdf,,Acer. N (Nilgün) (DJZ/WOB),,,Microsoft® Word 2016,Microsoft® Word 2016,16-8-2021 12:45:20,30-11-2021 16:42:19,False,nl-NL,1.3,141712 bytes,3
C:\Users\daan_\source\repos\DocumentSplitting\WOB_Pdfs\2021-09-01_d0fab54975f9caaec53a4c6e3ad57648_besluit-wob-verzoek-dd-31-maart-2021-inzake-productie-v….pdf,,,,,,,1-1-0001 00:00:00,30-11-2021 16:42:19,False,x-default,1.3,3950067 bytes,23
C:\Users\daan_\source\repos\DocumentSplitting\WOB_Pdfs\2021-09-01_eb49db950c55a1adcdbd5cc7f6b2a6de_besluit.pdf,,Lammers. A (Andrea) (DJZ/WOB),,,Acrobat PDFMaker 21 voor Word,Adobe PDF Library 21.1.182,1-9-2021 08:29:35,30-11-2021 16:42:19,False,NL-NL,1.3,105671 bytes,3
C:\Users\daan_\source\repos\DocumentSplitting\WOB_Pdfs\2021-09-03_ac1b0066de078a580f45adf952e7765d_besluit-op-bezwaar-wob-persconferenties-na-uitspraak-re….pdf,,,,,,,1-1-0001 00:00:00,30-11-2021 16:42:19,False,nl,1.3,3996651 bytes,8
C:\Users\daan_\source\repos\DocumentSplitting\WOB_Pdfs\2021-09-03_ac1b0066de078a580f45adf952e7765d_documenten-bij-wob-herstelbesluit-persconferenties.pdf,,,,,,,3-9-2021 07:45:32,30-11-2021 16:42:19,False,,1.3,348013 bytes,17
C:\Users\daan_\source\repos\DocumentSplitting\WOB_Pdfs\2021-09-03_b752f2f8f1fc2db6fe146785b4b521a3_01-iao-jan-en-feb.pdf,,,,,,,1-1-0001 00:00:00,30-11-2021 16:42:19,False,,1.3,19834582 bytes,118
C:\Users\daan_\source\repos\DocumentSplitting\WOB_Pdfs\2021-09-03_b752f2f8f1fc2db6fe146785b4b521a3_02-iao-maart.pdf,,,,,,,2-9-2021 18:42:26,30-11-2021 16:42:19,False,,1.3,69325138 bytes,686
C:\Users\daan_\source\repos\DocumentSplitting\WOB_Pdfs\2021-09-03_b752f2f8f1fc2db6fe146785b4b521a3_03-iao-april.pdf,,,,,,,1-1-0001 00:00:00,30-11-2021 16:42:20,False,,1.3,279516447 bytes,1481
C:\Users\daan_\source\repos\DocumentSplitting\WOB_Pdfs\2021-09-03_b752f2f8f1fc2db6fe146785b4b521a3_04-iao-mei.pdf,,,,,,,1-1-0001 00:00:00,30-11-2021 16:42:20,False,,1.3,186033378 bytes,1138
C:\Users\daan_\source\repos\DocumentSplitting\WOB_Pdfs\2021-09-03_b752f2f8f1fc2db6fe146785b4b521a3_05-iao-juni.pdf,,,,,,,1-1-0001 00:00:00,30-11-2021 16:42:21,False,,1.3,165158350 bytes,819
C:\Users\daan_\source\repos\DocumentSplitting\WOB_Pdfs\2021-09-03_b752f2f8f1fc2db6fe146785b4b521a3_besluit-wob-iao-covid-19.pdf,,,,,,,1-1-0001 00:00:00,30-11-2021 16:42:21,False,nl,1.3,2577948 bytes,8
C:\Users\daan_\source\repos\DocumentSplitting\WOB_Pdfs\2021-09-03_b752f2f8f1fc2db6fe146785b4b521a3_bijlage-1-relevante-artikelen-uit-de-wob.pdf,,,,,,,1-1-0001 00:00:00,30-11-2021 16:42:21,False,nl-NL,1.3,90946 bytes,2
C:\Users\daan_\source\repos\DocumentSplitting\WOB_Pdfs\2021-09-03_b752f2f8f1fc2db6fe146785b4b521a3_bijlage-2-iao-inventarislijst.pdf,,,,,,,1-1-0001 00:00:00,30-11-2021 16:42:21,False,,1.3,4497002 bytes,9
C:\Users\daan_\source\repos\DocumentSplitting\WOB_Pdfs\2021-09-14_b94e37a9ec63bab6641ff1f07e69d4ea_besluit-op-wob-verzoek-dd-22-juli-2021-inzake-kosten-en….pdf,,,,,,,1-1-0001 00:00:00,30-11-2021 16:42:21,False,,1.3,461440 bytes,4
C:\Users\daan_\source\repos\DocumentSplitting\WOB_Pdfs\2021-09-20_aeeca81933bd364431043daf14635f3a_covid-19-wob-besluit-inzake-communicatiebeleid-covid-19….pdf,,,,,,,1-1-0001 00:00:00,30-11-2021 16:42:21,False,,1.3,18838119 bytes,41
C:\Users\daan_\source\repos\DocumentSplitting\WOB_Pdfs\2021-09-21_d2cd89fed32b99f5794b24dabef1f43b_besluit-dd-2-juli-2020-inzake-financiele-staatsteun-klm.pdf,,,,,,,1-1-0001 00:00:00,30-11-2021 16:42:21,False,x-default,1.3,1343994 bytes,3
C:\Users\daan_\source\repos\DocumentSplitting\WOB_Pdfs\2021-09-21_d3581109c8c5876da8795f87eb424634_besluit-wob-verzoek-dd-11-juni-2021-inzake-uitgezonderd….pdf,,,,,,,21-9-2021 14:01:26,30-11-2021 16:42:21,False,,1.3,1130873 bytes,11
C:\Users\daan_\source\repos\DocumentSplitting\WOB_Pdfs\2021-09-21_d3581109c8c5876da8795f87eb424634_documenten-wob-verzoek-dd-11-juni-2021-inzake-uitgezond….pdf,,,,,,,21-9-2021 13:54:08,30-11-2021 16:42:21,False,,1.3,45324068 bytes,247
C:\Users\daan_\source\repos\DocumentSplitting\WOB_Pdfs\2021-09-21_d3581109c8c5876da8795f87eb424634_inventarislijst-wob-verzoek-dd-11-juni-2021-inzake-uitg….pdf,Inventarislijst Wob-verzoek detailhandel.xlsx,,,,,Microsoft: Print To PDF,13-9-2021 06:50:36,30-11-2021 16:42:21,False,,1.3,505944 bytes,5
C:\Users\daan_\source\repos\DocumentSplitting\WOB_Pdfs\2021-09-23_ead1c275659a6b2ed2b8415e2c119d76_besluit-op-wob-verzoek-inzake-communicatiebeleid-covid-….pdf,,,,,Xerox WorkCentre 7556,Xerox WorkCentre 7556,16-9-2021 12:37:30,30-11-2021 16:42:21,False,,1.3,1748820 bytes,26
C:\Users\daan_\source\repos\DocumentSplitting\WOB_Pdfs\2021-10-04_2c4079ccaad78e8d2cb494681ae79928_besluit-wob-verzoek-notities-besluitvorming-coronacrisis.pdf,,,,,,,1-1-0001 00:00:00,30-11-2021 16:42:21,False,,1.3,580156 bytes,11
C:\Users\daan_\source\repos\DocumentSplitting\WOB_Pdfs\2021-10-04_2c4079ccaad78e8d2cb494681ae79928_inventarislijst-wob-verzoek-notities-besluitvorming-cor….pdf,LNV Inventarislijst Wob-verzoek Catshuissessies.xlsx,BuiterP,,,,Microsoft: Print To PDF,18-5-2021 14:37:30,30-11-2021 16:42:21,False,,1.3,359287 bytes,1
C:\Users\daan_\source\repos\DocumentSplitting\WOB_Pdfs\2021-10-04_2c4079ccaad78e8d2cb494681ae79928_stukken-bij-besluit-wob-verzoek-notities-besluitvorming….pdf,,,,,,,6-10-2021 10:55:52,30-11-2021 16:42:21,False,,1.3,5441524 bytes,83
C:\Users\daan_\source\repos\DocumentSplitting\WOB_Pdfs\2021-10-04_cc88761bb30f2a23117493a36a71dbac_besluit-wob-verzoek-halix-mondkapjes-en-hulptroepen.pdf,,,,,,,1-1-0001 00:00:00,30-11-2021 16:42:21,False,,1.3,832602 bytes,4
C:\Users\daan_\source\repos\DocumentSplitting\WOB_Pdfs\2021-10-04_cc88761bb30f2a23117493a36a71dbac_bijlage-bij-besluit-wob-verzoek-halix-mondkapjes-en-hul….pdf,,,,,,,1-1-0001 00:00:00,30-11-2021 16:42:22,False,,1.3,21526190 bytes,66
C:\Users\daan_\source\repos\DocumentSplitting\WOB_Pdfs\2021-10-05_0272cdb141e62321341591f0959794a2_derde-deelbesluit-aantal-aanwezigen-in-kerken.pdf,,,,,PScript5.dll Version 5.2.2,Acrobat Distiller 21.0 (Windows),5-10-2021 08:57:17,30-11-2021 16:42:22,False,,1.3,6543464 bytes,11
C:\Users\daan_\source\repos\DocumentSplitting\WOB_Pdfs\2021-10-05_0272cdb141e62321341591f0959794a2_inventarislijst.pdf,,,,,PScript5.dll Version 5.2.2,Acrobat Distiller 21.0 (Windows),3-10-2021 19:26:25,30-11-2021 16:42:22,False,,1.3,172385 bytes,3
C:\Users\daan_\source\repos\DocumentSplitting\WOB_Pdfs\2021-10-05_0272cdb141e62321341591f0959794a2_wob-documenten.pdf,,,,,Tesseract,ZyLAB PDF export module,5-10-2021 12:09:47,30-11-2021 16:42:26,False,,1.3,825741204 bytes,1449
C:\Users\daan_\source\repos\DocumentSplitting\WOB_Pdfs\2021-10-12_af354e4966a914add60d84129ac68740_deelbesluit-2-wob-verzoek-dd-26-10-2020-vion-groep.pdf,,,,,,,19-10-2021 08:40:17,30-11-2021 16:42:26,False,nl-NL,1.3,267043 bytes,11
C:\Users\daan_\source\repos\DocumentSplitting\WOB_Pdfs\2021-10-12_af354e4966a914add60d84129ac68740_documenten-bij-deelbesluit-2.pdf,,,,,,,11-10-2021 11:26:45,30-11-2021 16:42:26,False,,1.3,23926342 bytes,200
C:\Users\daan_\source\repos\DocumentSplitting\WOB_Pdfs\2021-10-12_af354e4966a914add60d84129ac68740_inventarislijst-deelbesluit-2.pdf,Inventarislijst Wob-verzoek VION-groep (deelbesluit 2) 1.1.xlsx,,,,,Microsoft: Print To PDF,27-9-2021 10:59:16,30-11-2021 16:42:26,False,,1.3,405956 bytes,5
C:\Users\daan_\source\repos\DocumentSplitting\WOB_Pdfs\2021-10-15_f302ea548db6360a784e8a5e365efe3e_besluit-op-wob-verzoek-over-de-televisietoespraak-van-1….pdf,,,,,Xerox WorkCentre 7556,Xerox WorkCentre 7556,14-10-2021 10:20:22,30-11-2021 16:42:26,False,,1.3,493234 bytes,6
C:\Users\daan_\source\repos\DocumentSplitting\WOB_Pdfs\2021-10-15_f34f76aa8f6f74f87417751b46110a76_wob-besluit-op-verzoek-over-de-tijdelijke-wet-maatregel….pdf,,,,,Xerox WorkCentre 7556,Xerox WorkCentre 7556,15-10-2021 10:11:56,30-11-2021 16:42:26,False,,1.3,156075 bytes,1
C:\Users\daan_\source\repos\DocumentSplitting\WOB_Pdfs\2021-10-19_70efcade2f4827654ed8e7908deb4f3c_besluit-wob-verzoek-aangaande-digitale-middelen-in-de-p….pdf,,,,,OmniPage CSDK 19,Scanning,14-10-2021 08:07:50,30-11-2021 16:42:26,False,nl,1.3,2858148 bytes,10
C:\Users\daan_\source\repos\DocumentSplitting\WOB_Pdfs\2021-10-19_70efcade2f4827654ed8e7908deb4f3c_bijlagen-bij-wob-verzoek-aangaande-digitale-middelen-in….pdf,,,,,OmniPage CSDK 19,Scanning,13-10-2021 14:13:44,30-11-2021 16:42:26,False,nl,1.3,12872775 bytes,85
C:\Users\daan_\source\repos\DocumentSplitting\WOB_Pdfs\2021-10-19_8a676a3415d986008b02572cb9310894_besluit-covid-19-suriname-inclusief-inventarisatielijst.pdf,,,,,,,14-10-2021 10:56:38,30-11-2021 16:42:26,False,,1.3,957251 bytes,12
C:\Users\daan_\source\repos\DocumentSplitting\WOB_Pdfs\2021-10-19_8a676a3415d986008b02572cb9310894_binder-openbaar-te-maken-stukken-inclusief-appjes.pdf,,,,,FineReader,ZyLAB PDF export module,16-9-2021 13:47:59,30-11-2021 16:42:27,False,,1.3,95239644 bytes,295
C:\Users\daan_\source\repos\DocumentSplitting\WOB_Pdfs\2021-10-20_3fa52482438ed25b69b0be300baaf3c0_besluit.pdf,,Wolf. RL (Rosa) de (DJZ/WOB),,,Microsoft® Word 2016,Microsoft® Word 2016,19-10-2021 08:33:25,30-11-2021 16:42:27,False,nl-NL,1.3,200727 bytes,7
C:\Users\daan_\source\repos\DocumentSplitting\WOB_Pdfs\2021-10-20_3fa52482438ed25b69b0be300baaf3c0_documenten.pdf,,,,,ZyLAB PDF export module,ZyLAB PDF export module,12-10-2021 12:19:35,30-11-2021 16:42:28,False,,1.3,52091835 bytes,393
C:\Users\daan_\source\repos\DocumentSplitting\WOB_Pdfs\2021-10-20_3fa52482438ed25b69b0be300baaf3c0_inventarislijst.pdf,Bijlage 3 - Inventarislijst.xlsm,STRALEN,,,PScript5.dll Version 5.2.2,Acrobat Distiller 21.0 (Windows),13-10-2021 11:34:47,30-11-2021 16:42:28,False,,1.3,113555 bytes,3
C:\Users\daan_\source\repos\DocumentSplitting\WOB_Pdfs\2021-10-21_439285231fa523a74c430da4a2704fab_besluit.pdf,,,,,,,1-1-0001 00:00:00,30-11-2021 16:42:28,False,NL-NL,1.3,62709 bytes,7
C:\Users\daan_\source\repos\DocumentSplitting\WOB_Pdfs\2021-10-21_439285231fa523a74c430da4a2704fab_deels-openbare-documenten.pdf,,,,,,,1-1-0001 00:00:00,30-11-2021 16:42:28,False,NL-NL,1.3,20036138 bytes,276
C:\Users\daan_\source\repos\DocumentSplitting\WOB_Pdfs\2021-10-21_439285231fa523a74c430da4a2704fab_inventarislijst.pdf,,Koese-Köse. S. (Senem) - HBJZ,,,Acrobat PDFMaker 21 voor Excel,Adobe PDF Library 21.1.182,15-10-2021 11:24:12,30-11-2021 16:42:28,False,NL-NL,1.3,147568 bytes,1
C:\Users\daan_\source\repos\DocumentSplitting\WOB_Pdfs\2021-11-03_54deb5f3a8f0c98e065e8939304d1a78_bijlagen-bij-wob-deelbesluit-aangaande-besmettelijkheid….pdf,,,,,Tesseract,ZyLAB PDF export module,29-10-2021 13:38:16,30-11-2021 16:42:28,False,,1.3,28711347 bytes,96
C:\Users\daan_\source\repos\DocumentSplitting\WOB_Pdfs\2021-11-03_54deb5f3a8f0c98e065e8939304d1a78_wob-deelbesluit-aangaande-besmettelijkheid-kinderen-in-….pdf,,,,,OmniPage CSDK 19,Scanning,3-11-2021 10:27:31,30-11-2021 16:42:28,False,nl,1.3,2033484 bytes,8
C:\Users\daan_\source\repos\DocumentSplitting\WOB_Pdfs\2021-11-08_306d4b337a5d407eb00c8845884c82fd_rivm-maart-2020-documenten.pdf,,,,,FineReader,ZyLAB PDF export module,2-11-2021 15:32:01,30-11-2021 16:42:37,False,,1.3,1301644228 bytes,4910
C:\Users\daan_\source\repos\DocumentSplitting\WOB_Pdfs\2021-11-08_306d4b337a5d407eb00c8845884c82fd_wob-deelbesluit-aangaande-het-rivm-in-de-periode-van-ma….pdf,,,,,OmniPage CSDK 19,Scanning,4-11-2021 08:50:47,30-11-2021 16:42:37,False,,1.3,20137924 bytes,89
C:\Users\daan_\source\repos\DocumentSplitting\WOB_Pdfs\2021-11-08_c4b89b0939b38dd79efd496ba963dfc4_bijlage-b-bij-wob-deelbesluit-overleggen-vws-maart-2020.pdf,,Alten. T.J. van (Tim),,,Microsoft® Word 2016,Microsoft® Word 2016,5-11-2021 18:29:12,30-11-2021 16:42:37,False,nl-NL,1.3,275300 bytes,8
C:\Users\daan_\source\repos\DocumentSplitting\WOB_Pdfs\2021-11-08_c4b89b0939b38dd79efd496ba963dfc4_bijlagen-bij-wob-deelbesluit-aangaande-overleggen-vws-i….pdf,,,,,FineReader,ZyLAB PDF export module,1-11-2021 12:39:05,30-11-2021 16:42:38,False,,1.3,155958523 bytes,367
C:\Users\daan_\source\repos\DocumentSplitting\WOB_Pdfs\2021-11-08_c4b89b0939b38dd79efd496ba963dfc4_wob-deelbesluit-aangaande-overleggen-vws-in-de-periode-….pdf,,,,,OmniPage CSDK 19,Scanning,4-11-2021 09:01:10,30-11-2021 16:42:38,False,nl,1.3,2131648 bytes,8
C:\Users\daan_\source\repos\DocumentSplitting\WOB_Pdfs\2021-11-09_47e9f21007af9e0da0634f801cdd8667_bijlage-b-inventarislijst-wob-verzoek-scenarios-en-maat….pdf,Inventarislijst Wob-verzoek Scenario's en Maatregelen Maart 2020.xlsx,HOLLANDERT,,,PScript5.dll Version 5.2.2,Acrobat Distiller 20.0 (Windows),28-9-2021 13:46:03,30-11-2021 16:42:38,False,,1.3,370986 bytes,113
C:\Users\daan_\source\repos\DocumentSplitting\WOB_Pdfs\2021-11-09_47e9f21007af9e0da0634f801cdd8667_bijlagen-bij-wob-deelbesluit-aangaande-scenarios-en-maa….pdf,,,,,FineReader,ZyLAB PDF export module,3-11-2021 15:21:19,30-11-2021 16:42:43,False,,1.3,745854806 bytes,2176
C:\Users\daan_\source\repos\DocumentSplitting\WOB_Pdfs\2021-11-09_47e9f21007af9e0da0634f801cdd8667_wob-deelbesluit-aangaande-scenarios-en-maatregelen-in-d….pdf,,,,,OmniPage CSDK 19,Scanning,9-11-2021 07:20:18,30-11-2021 16:42:44,False,nl,1.3,2518222 bytes,9
C:\Users\daan_\source\repos\DocumentSplitting\WOB_Pdfs\2021-11-10_6873804cd27a4c08c9e1c257c0a251f5_bijlage-bij-wob-besluit-over-domeinnaam-coronacheck.pdf,,,,,,,1-1-0001 00:00:00,30-11-2021 16:42:44,False,,1.3,5168087 bytes,37
C:\Users\daan_\source\repos\DocumentSplitting\WOB_Pdfs\2021-11-10_6873804cd27a4c08c9e1c257c0a251f5_wob-besluit-over-domeinnaam-coronacheck.pdf,,,,,,,10-11-2021 15:37:41,30-11-2021 16:42:44,False,en,1.3,891710 bytes,3
C:\Users\daan_\source\repos\DocumentSplitting\WOB_Pdfs\2021-11-16_0335b3f498dbbd7c537ad23abe8c08dc_2-inventarislijst-wob-verzoek-11-08-2021-inzake-het-eur….pdf,,,,,,,1-1-0001 00:00:00,30-11-2021 16:42:44,False,,1.3,1616569 bytes,10
C:\Users\daan_\source\repos\DocumentSplitting\WOB_Pdfs\2021-11-16_0335b3f498dbbd7c537ad23abe8c08dc_3-stukken-wob-verzoek-europees-herstelfonds-deel-1.pdf,,,,,,,1-1-0001 00:00:00,30-11-2021 16:42:44,False,,1.3,21956439 bytes,106
C:\Users\daan_\source\repos\DocumentSplitting\WOB_Pdfs\2021-11-16_0335b3f498dbbd7c537ad23abe8c08dc_3-stukken-wob-verzoek-europees-herstelfonds-deel-2.pdf,,,,,,,1-1-0001 00:00:00,30-11-2021 16:42:44,False,,1.3,16327435 bytes,87
C:\Users\daan_\source\repos\DocumentSplitting\WOB_Pdfs\2021-11-16_0335b3f498dbbd7c537ad23abe8c08dc_3-stukken-wob-verzoek-europees-herstelfonds-deel-3.pdf,,,,,,,1-1-0001 00:00:00,30-11-2021 16:42:44,False,,1.3,26805004 bytes,82
C:\Users\daan_\source\repos\DocumentSplitting\WOB_Pdfs\2021-11-16_0335b3f498dbbd7c537ad23abe8c08dc_3-stukken-wob-verzoek-europees-herstelfonds-deel-4.pdf,,,,,,,1-1-0001 00:00:00,30-11-2021 16:42:44,False,,1.3,21480849 bytes,82
C:\Users\daan_\source\repos\DocumentSplitting\WOB_Pdfs\2021-11-16_0335b3f498dbbd7c537ad23abe8c08dc_3-stukken-wob-verzoek-europees-herstelfonds-deel-5.pdf,,,,,,,1-1-0001 00:00:00,30-11-2021 16:42:44,False,,1.3,19699274 bytes,72
C:\Users\daan_\source\repos\DocumentSplitting\WOB_Pdfs\2021-11-16_0335b3f498dbbd7c537ad23abe8c08dc_deelbesluit-1-wob-verzoek-dd-11-augustus-2021-inzake-he….pdf,,,,,,,1-1-0001 00:00:00,30-11-2021 16:42:44,False,nl-NL,1.3,342282 bytes,13
C:\Users\daan_\source\repos\DocumentSplitting\WOB_Pdfs\2021-11-16_7632148924fdc61f4d23c0bc96a61706_bijlage-iii-deelbesluit-1-wob-verzoek-europees-herstelf….pdf,,,,,FineReader,ZyLAB PDF export module,16-11-2021 12:04:09,30-11-2021 16:42:44,False,,1.3,32957490 bytes,335
C:\Users\daan_\source\repos\DocumentSplitting\WOB_Pdfs\2021-11-16_7632148924fdc61f4d23c0bc96a61706_deelbesluit-1-wob-verzoek-europees-herstelfonds.pdf,Besluit inzake WOB-verzoek Witteman (EU herstelfonds),Hermans. Wesley,,,Acrobat PDFMaker 21 for Word,Adobe PDF Library 21.1.182,16-11-2021 11:06:35,30-11-2021 16:42:44,False,NL-NL,1.3,405950 bytes,14
C:\Users\daan_\source\repos\DocumentSplitting\WOB_Pdfs\2021-11-16_dc034afbaede3d587451c7062fd857e7_b1-inventarislijst-eu-en-b2-inventarislijst-nationaal.pdf,,KEGEL,,,PScript5.dll Version 5.2.2,Acrobat Distiller 21.0 (Windows),16-11-2021 11:33:17,30-11-2021 16:42:44,False,,1.3,121728 bytes,6
C:\Users\daan_\source\repos\DocumentSplitting\WOB_Pdfs\2021-11-16_dc034afbaede3d587451c7062fd857e7_besluit.pdf,,Wolf. RL (Rosa) de (DJZ/WOB),,,Acrobat PDFMaker 21 voor Word,Adobe PDF Library 21.1.182,16-11-2021 11:28:16,30-11-2021 16:42:44,False,NL-NL,1.3,194548 bytes,9
C:\Users\daan_\source\repos\DocumentSplitting\WOB_Pdfs\2021-11-16_dc034afbaede3d587451c7062fd857e7_bijlage-c1-openbaar-te-maken-documenten-eu.pdf,,,,,FineReader,ZyLAB PDF export module,8-11-2021 22:48:46,30-11-2021 16:42:45,False,,1.3,13678975 bytes,57
C:\Users\daan_\source\repos\DocumentSplitting\WOB_Pdfs\2021-11-16_dc034afbaede3d587451c7062fd857e7_bijlage-c2-openbaar-te-maken-documenten-nationaal.pdf,,,,,FineReader,ZyLAB PDF export module,10-11-2021 20:18:35,30-11-2021 16:42:45,False,,1.3,26717696 bytes,80
C:\Users\daan_\source\repos\DocumentSplitting\WOB_Pdfs\2021-11-19_e7585aa7d711218e2e7ffa8d3388d08a_deel-1-totaal-set-documenten-wob-verzoek-productie-mond….pdf,,,,,,,25-11-2021 10:38:38,30-11-2021 16:42:45,False,,1.3,30390100 bytes,230
C:\Users\daan_\source\repos\DocumentSplitting\WOB_Pdfs\2021-11-19_e7585aa7d711218e2e7ffa8d3388d08a_deel-2-totaal-set-documenten-wob-verzoek-productie-mond….pdf,,,,,,,25-11-2021 10:41:16,30-11-2021 16:42:45,False,,1.3,28834072 bytes,231
C:\Users\daan_\source\repos\DocumentSplitting\WOB_Pdfs\2021-11-19_e7585aa7d711218e2e7ffa8d3388d08a_deel-3-totaal-set-documenten-wob-verzoek-productie-mond….pdf,,,,,,,25-11-2021 10:46:10,30-11-2021 16:42:45,False,,1.3,30497669 bytes,229
C:\Users\daan_\source\repos\DocumentSplitting\WOB_Pdfs\2021-11-19_e7585aa7d711218e2e7ffa8d3388d08a_deel-4-totaal-set-documenten-wob-verzoek-productie-mond….pdf,,,,,,,25-11-2021 10:26:40,30-11-2021 16:42:46,False,,1.3,28935005 bytes,235
C:\Users\daan_\source\repos\DocumentSplitting\WOB_Pdfs\2021-11-19_e7585aa7d711218e2e7ffa8d3388d08a_inventarislijst-wob-verzoek-2-juni-2021-productie-mondk….pdf,,,,,Acrobat PDFMaker 21 voor Excel,Adobe PDF Library 21.5.92,17-11-2021 07:22:18,30-11-2021 16:42:46,False,NL-NL,1.3,265613 bytes,16
C:\Users\daan_\source\repos\DocumentSplitting\WOB_Pdfs\2021-11-19_e7585aa7d711218e2e7ffa8d3388d08a_wob-besluit-verzoek-2-juni-2021-productie-mondkapjes.pdf,,,,,,,29-11-2021 13:59:39,30-11-2021 16:42:46,False,,1.3,3265432 bytes,7
C:\Users\daan_\source\repos\DocumentSplitting\WOB_Pdfs\2021-11-22_5d03dc8b8621ea5e53ad6fe7b44c8533_bijlage-4-inventarislijst-deelbesluit-1.pdf,Bijlage 2 Inventarislijst Deelbesluit 1,,,,PDFCreator Version 1.7.2,GPL Ghostscript 9.10,29-10-2021 13:03:27,30-11-2021 16:42:46,False,,1.3,68222 bytes,4
C:\Users\daan_\source\repos\DocumentSplitting\WOB_Pdfs\2021-11-22_5d03dc8b8621ea5e53ad6fe7b44c8533_eerste-deelbesluit-op-wob-verzoek-over-corona-op-scholen.pdf,,,,,OmniPage CSDK 19,Scanning,18-11-2021 13:34:50,30-11-2021 16:42:46,False,en,1.3,3143622 bytes,16
C:\Users\daan_\source\repos\DocumentSplitting\WOB_Pdfs\2021-11-22_5d03dc8b8621ea5e53ad6fe7b44c8533_wob-verzoek-inz-coronamaatregelen-op-scholen-1.pdf,,,,,OmniPage CSDK 19,Scanning,11-11-2021 10:33:10,30-11-2021 16:42:46,False,en,1.3,6226276 bytes,28
C:\Users\daan_\source\repos\DocumentSplitting\WOB_Pdfs\2021-11-22_5d03dc8b8621ea5e53ad6fe7b44c8533_wob-verzoek-inz-coronamaatregelen-op-scholen-10.pdf,,,,,OmniPage CSDK 19,Scanning,11-11-2021 10:48:23,30-11-2021 16:42:46,False,en,1.3,8001904 bytes,48
C:\Users\daan_\source\repos\DocumentSplitting\WOB_Pdfs\2021-11-22_5d03dc8b8621ea5e53ad6fe7b44c8533_wob-verzoek-inz-coronamaatregelen-op-scholen-11.pdf,,,,,OmniPage CSDK 19,Scanning,11-11-2021 10:51:45,30-11-2021 16:42:46,False,en,1.3,7994699 bytes,38
C:\Users\daan_\source\repos\DocumentSplitting\WOB_Pdfs\2021-11-22_5d03dc8b8621ea5e53ad6fe7b44c8533_wob-verzoek-inz-coronamaatregelen-op-scholen-12.pdf,,,,,OmniPage CSDK 19,Scanning,11-11-2021 10:51:48,30-11-2021 16:42:46,False,en,1.3,14675445 bytes,60
C:\Users\daan_\source\repos\DocumentSplitting\WOB_Pdfs\2021-11-22_5d03dc8b8621ea5e53ad6fe7b44c8533_wob-verzoek-inz-coronamaatregelen-op-scholen-13.pdf,,,,,OmniPage CSDK 19,Scanning,11-11-2021 10:53:49,30-11-2021 16:42:46,False,en,1.3,17012181 bytes,74
C:\Users\daan_\source\repos\DocumentSplitting\WOB_Pdfs\2021-11-22_5d03dc8b8621ea5e53ad6fe7b44c8533_wob-verzoek-inz-coronamaatregelen-op-scholen-14.pdf,,,,,OmniPage CSDK 19,Scanning,11-11-2021 10:57:17,30-11-2021 16:42:47,False,en,1.3,12354754 bytes,44
C:\Users\daan_\source\repos\DocumentSplitting\WOB_Pdfs\2021-11-22_5d03dc8b8621ea5e53ad6fe7b44c8533_wob-verzoek-inz-coronamaatregelen-op-scholen-15.pdf,,,,,OmniPage CSDK 19,Scanning,11-11-2021 11:00:35,30-11-2021 16:42:47,False,en,1.3,9652578 bytes,44
C:\Users\daan_\source\repos\DocumentSplitting\WOB_Pdfs\2021-11-22_5d03dc8b8621ea5e53ad6fe7b44c8533_wob-verzoek-inz-coronamaatregelen-op-scholen-16.pdf,,,,,OmniPage CSDK 19,Scanning,11-11-2021 10:59:59,30-11-2021 16:42:47,False,en,1.3,17978078 bytes,64
C:\Users\daan_\source\repos\DocumentSplitting\WOB_Pdfs\2021-11-22_5d03dc8b8621ea5e53ad6fe7b44c8533_wob-verzoek-inz-coronamaatregelen-op-scholen-17.pdf,,,,,OmniPage CSDK 19,Scanning,11-11-2021 11:00:53,30-11-2021 16:42:47,False,en,1.3,12778393 bytes,64
C:\Users\daan_\source\repos\DocumentSplitting\WOB_Pdfs\2021-11-22_5d03dc8b8621ea5e53ad6fe7b44c8533_wob-verzoek-inz-coronamaatregelen-op-scholen-18.pdf,,,,,OmniPage CSDK 19,Scanning,11-11-2021 11:03:23,30-11-2021 16:42:47,False,en,1.3,7651176 bytes,34
C:\Users\daan_\source\repos\DocumentSplitting\WOB_Pdfs\2021-11-22_5d03dc8b8621ea5e53ad6fe7b44c8533_wob-verzoek-inz-coronamaatregelen-op-scholen-19.pdf,,,,,OmniPage CSDK 19,Scanning,11-11-2021 11:04:19,30-11-2021 16:42:47,False,en,1.3,12084825 bytes,56
C:\Users\daan_\source\repos\DocumentSplitting\WOB_Pdfs\2021-11-22_5d03dc8b8621ea5e53ad6fe7b44c8533_wob-verzoek-inz-coronamaatregelen-op-scholen-2.pdf,,,,,OmniPage CSDK 19,Scanning,11-11-2021 10:36:19,30-11-2021 16:42:47,False,en,1.3,9003442 bytes,40
C:\Users\daan_\source\repos\DocumentSplitting\WOB_Pdfs\2021-11-22_5d03dc8b8621ea5e53ad6fe7b44c8533_wob-verzoek-inz-coronamaatregelen-op-scholen-3.pdf,,,,,OmniPage CSDK 19,Scanning,11-11-2021 10:36:37,30-11-2021 16:42:48,False,en,1.3,9775512 bytes,46
C:\Users\daan_\source\repos\DocumentSplitting\WOB_Pdfs\2021-11-22_5d03dc8b8621ea5e53ad6fe7b44c8533_wob-verzoek-inz-coronamaatregelen-op-scholen-4.pdf,,,,,OmniPage CSDK 19,Scanning,11-11-2021 10:39:33,30-11-2021 16:42:48,False,en,1.3,5740849 bytes,24
C:\Users\daan_\source\repos\DocumentSplitting\WOB_Pdfs\2021-11-22_5d03dc8b8621ea5e53ad6fe7b44c8533_wob-verzoek-inz-coronamaatregelen-op-scholen-5.pdf,,,,,OmniPage CSDK 19,Scanning,11-11-2021 10:40:08,30-11-2021 16:42:48,False,en,1.3,9646335 bytes,42
C:\Users\daan_\source\repos\DocumentSplitting\WOB_Pdfs\2021-11-22_5d03dc8b8621ea5e53ad6fe7b44c8533_wob-verzoek-inz-coronamaatregelen-op-scholen-6.pdf,,,,,OmniPage CSDK 19,Scanning,11-11-2021 10:41:37,30-11-2021 16:42:48,False,en,1.3,5307557 bytes,20
C:\Users\daan_\source\repos\DocumentSplitting\WOB_Pdfs\2021-11-22_5d03dc8b8621ea5e53ad6fe7b44c8533_wob-verzoek-inz-coronamaatregelen-op-scholen-7.pdf,,,,,OmniPage CSDK 19,Scanning,11-11-2021 10:42:56,30-11-2021 16:42:48,False,en,1.3,5811449 bytes,26
C:\Users\daan_\source\repos\DocumentSplitting\WOB_Pdfs\2021-11-22_5d03dc8b8621ea5e53ad6fe7b44c8533_wob-verzoek-inz-coronamaatregelen-op-scholen-8.pdf,,,,,OmniPage CSDK 19,Scanning,11-11-2021 10:45:07,30-11-2021 16:42:48,False,en,1.3,7639465 bytes,44
C:\Users\daan_\source\repos\DocumentSplitting\WOB_Pdfs\2021-11-22_5d03dc8b8621ea5e53ad6fe7b44c8533_wob-verzoek-inz-coronamaatregelen-op-scholen-9.pdf,,,,,OmniPage CSDK 19,Scanning,11-11-2021 10:45:26,30-11-2021 16:42:48,False,en,1.3,9286463 bytes,36
