FileName,Title,Subject,Keywords,Author,Creator,Producer,CreationDate,ModificationDate,Tagged,Form,PageCount,Encrypted,Permissions,PageSize,FileSize,Optimized,PdfVersion,ErrorMessage
2020-06-09_5e745681a2659dadb7ac782f4e012350_besluit,,,,,Xerox WorkCentre 7556,Xerox WorkCentre 7556,Fri Jun 12 09:45:11 2020,Fri Jun 12 09:46:52 2020,no,none,1,no,,842 x 596 pts (A4) (rotated 270 degrees),82099 bytes,yes,1.4,
2020-06-09_b5ca6a88b275fda712ca471bb77fec92_besluit,,,,,Xerox WorkCentre 7556,Xerox WorkCentre 7556,Fri Jun 12 09:45:24 2020,Fri Jun 12 09:47:27 2020,no,none,1,no,,842 x 596 pts (A4) (rotated 270 degrees),72398 bytes,yes,1.4,
2020-07-30_5d450bf985589e1cbc6f16aa43d9fe29_besluit,,,,,,,,,no,AcroForm,3,no,,591.36 x 837.12 pts (rotated 0 degrees),967169 bytes,yes,1.6,
2020-07-30_5d450bf985589e1cbc6f16aa43d9fe29_lijst-van-documenten,,,,Ramratan. P.E.,Microsoft« Word 2016,Microsoft« Word 2016,Tue Sep  1 10:51:08 2020,Tue Sep  1 10:51:08 2020,yes,none,4,no,,595.32 x 841.92 pts (A4) (rotated 0 degrees),298399 bytes,no,1.5,
2020-07-30_5d450bf985589e1cbc6f16aa43d9fe29_openbaar-gemaakte-documenten,,,,,Adobe Acrobat Standard DC 15.6.30508,Adobe Acrobat Standard DC 15.6.30508,Tue Sep  1 16:23:51 2020,Tue Sep  1 16:23:51 2020,yes,AcroForm,180,no,,595.32 x 841.92 pts (A4) (rotated 0 degrees),5745484 bytes,yes,1.6,
2020-09-04_39ca64546eafb7d418eff2c463222b63_besluit-wob-verzoek-over-de-inzet-van-influencers-voor-d,,,,,OmniPage CSDK 19,Scanning,Thu Sep 17 10:53:09 2020,Thu Sep 17 10:53:09 2020,yes,none,6,no,,599.05 x 844.8 pts (rotated 0 degrees),1416542 bytes,no,1.7,
2020-09-04_39ca64546eafb7d418eff2c463222b63_bijlagen-bij-besluit-wob-verzoek-over-de-inzet-van-influ,,,,,OmniPage CSDK 19,Scanning,Wed Sep 16 10:13:35 2020,Wed Sep 16 10:13:35 2020,yes,none,22,no,,599.05 x 844.8 pts (rotated 0 degrees),4290090 bytes,yes,1.7,
2020-09-08_8b6ca5a7af8fe3b8c06c98be3aa4f771_besluit-op-wob-verzoek-over-berekening-inzake-15-miljard,,,,,,,,,yes,AcroForm,5,no,,595.2 x 841.8 pts (A4) (rotated 0 degrees),234502 bytes,yes,1.7,
2020-09-08_e184824227ff92c0ba8d838ea497a5b6_besluit-op-wob-verzoek-over-optreden-minister-voor-recht,,Besluit op uw Wob-verzoek,,<Toevoegen naam!!>,Acrobat PDFMaker 17 voor Word,Adobe PDF Library 15.0,Tue Sep  8 14:13:43 2020,Thu Jan 28 11:18:11 2021,yes,none,7,RC4 128-bit,print:yes copy:no change:no addNotes:no,595.32 x 841.92 pts (A4) (rotated 0 degrees),73515 bytes,yes,1.6,
2020-09-08_e184824227ff92c0ba8d838ea497a5b6_wob-besluit-8-september-2020-bijlage-inventarislijst,,,,Bruekers. R.M.C. - BD/DWJZ/JZW,Acrobat PDFMaker 20 voor Word,Adobe PDF Library 20.12.80,Thu Jan 28 11:22:05 2021,Thu Jan 28 11:22:10 2021,yes,none,2,no,,842.04 x 595.32 pts (A4) (rotated 0 degrees),71050 bytes,yes,1.6,
2020-09-08_e184824227ff92c0ba8d838ea497a5b6_wob-besluit-8-september-2020-openbaar-te-maken-documente,,,,,Adobe Acrobat 17.11,Adobe Acrobat 17.11 Image Conversion Plug-in,Tue Aug 25 15:14:28 2020,Thu Jan 28 11:20:55 2021,yes,none,56,no,,595.44 x 842.04 pts (A4) (rotated 0 degrees),16107643 bytes,yes,1.6,
2020-10-01_b1c5e8756b3595f632f1cfdaccd71fb4_besluit-en-lijst-van-documenten,,,,,OmniPage CSDK 19,Scanning,Thu Oct  1 14:29:10 2020,Thu Oct  1 14:29:10 2020,yes,none,9,no,,599.05 x 844.8 pts (rotated 0 degrees),1999679 bytes,no,1.7,
2020-10-01_b1c5e8756b3595f632f1cfdaccd71fb4_openbaar-gemaakte-documenten,,,,,OmniPage CSDK 19,Scanning,Tue Oct  6 10:24:38 2020,Tue Oct  6 10:29:31 2020,yes,none,46,no,,599.05 x 844.8 pts (rotated 0 degrees),10642349 bytes,yes,1.7,
2020-10-05_561b8b6e6eb90efbfe4649fc9a5f2e05_besluit-en-lijst-van-documenten,Microsoft Word - DOMUS-20240126-v1-Besluit_Wob_verzoek_coronavoucher,,,brandtm,,Microsoft: Print To PDF,Mon Oct  5 14:27:43 2020,Wed Oct 28 13:10:14 2020,no,AcroForm,15,no,,595.32 x 841.92 pts (A4) (rotated 0 degrees),985537 bytes,yes,1.7,
2020-10-05_561b8b6e6eb90efbfe4649fc9a5f2e05_openbaar-gemaakte-documenten-1-19,,,,Frans de Bray,Microsoft« Word voor Microsoft 365,Microsoft« Word voor Microsoft 365,Tue Jul  7 11:51:12 2020,Wed Oct 28 15:19:02 2020,yes,AcroForm,38,no,,599.28 x 844.8 pts (rotated 0 degrees),12539578 bytes,yes,1.7,
2020-10-05_561b8b6e6eb90efbfe4649fc9a5f2e05_openbaar-gemaakte-documenten-20-29,,,,Frans de Bray,Microsoft« Word voor Microsoft 365,Microsoft« Word voor Microsoft 365,Tue Jul  7 11:51:12 2020,Wed Oct 28 15:21:22 2020,yes,AcroForm,51,no,,599.05 x 844.8 pts (rotated 0 degrees),7328454 bytes,yes,1.7,
2020-10-05_561b8b6e6eb90efbfe4649fc9a5f2e05_openbaar-gemaakte-documenten-30-33,,,,Frans de Bray,Microsoft« Word voor Microsoft 365,Microsoft« Word voor Microsoft 365,Tue Jul  7 11:51:12 2020,Wed Oct 28 16:56:04 2020,yes,AcroForm,14,no,,599.28 x 844.8 pts (rotated 0 degrees),17984790 bytes,no,1.7,
2020-10-05_561b8b6e6eb90efbfe4649fc9a5f2e05_openbaar-gemaakte-documenten-34-36,,,,Frans de Bray,Microsoft« Word voor Microsoft 365,Microsoft« Word voor Microsoft 365,Tue Jul  7 11:51:12 2020,Wed Oct 28 16:56:43 2020,yes,AcroForm,23,no,,599.05 x 844.8 pts (rotated 0 degrees),6489013 bytes,yes,1.7,
2020-10-05_561b8b6e6eb90efbfe4649fc9a5f2e05_openbaar-gemaakte-documenten-37-49,,,,,OmniPage CSDK 19,Scanning,Thu Oct 22 15:23:43 2020,Wed Oct 28 15:30:20 2020,yes,AcroForm,34,no,,599.05 x 844.8 pts (rotated 0 degrees),19704220 bytes,no,1.7,Syntax Warning: Bad annotation destination | Syntax Warning: Bad annotation destination | Syntax Warning: Bad annotation destination | Syntax Warning: Bad annotation destination | Syntax Warning: Bad annotation destination | Syntax Warning: Bad annotation destination | Syntax Warning: Bad annotation destination | Syntax Warning: Bad annotation destination | Syntax Warning: Bad annotation destination | Syntax Warning: Bad annotation destination | Syntax Warning: Bad annotation destination | Syntax Warning: Bad annotation destination | Syntax Warning: Bad annotation destination | Syntax Warning: Bad annotation destination | Syntax Warning: Bad annotation destination | Syntax Warning: Bad annotation destination | Syntax Warning: Bad annotation destination | Syntax Warning: Bad annotation destination | Syntax Warning: Bad annotation destination | Syntax Warning: Bad annotation destination | Syntax Warning: Bad annotation destination | Syntax Warning: Bad annotation destination | Syntax Warning: Bad annotation destination | 
2020-10-05_561b8b6e6eb90efbfe4649fc9a5f2e05_openbaar-gemaakte-documenten-50-53a,,,,Frans de Bray,Microsoft« Word voor Microsoft 365,Microsoft« Word voor Microsoft 365,Tue Jul  7 11:51:12 2020,Wed Oct 28 15:30:40 2020,yes,AcroForm,23,no,,599.05 x 844.8 pts (rotated 0 degrees),1954337 bytes,yes,1.7,
2020-10-07_b23b9848c3d6d3ec059da43a488a543c_besluit-op-wob-verzoek-over-maatregelen-corona,,,,,,,,,no,AcroForm,5,no,,842 x 596 pts (A4) (rotated 270 degrees),1135542 bytes,yes,1.6,
2020-10-15_388491f7f645df30409bec6ef461792b_02-antwoorden-kamervragen-sgp,Antwoord op vragen van het lid Van der Staaij over beperkingen begrafenissen en kerkdiensten in het licht van de Grondwettelijke vrijheden,,,Tweede Kamer der Staten-Generaal,XPP,Acrobat Distiller Server 8.1.0 (Pentium Linux. Built: 2007-09-07),Thu Jul  2 15:10:02 2020,Mon Oct 19 12:32:58 2020,yes,none,5,AES 128-bit,print:yes copy:no change:no addNotes:yes,558.425 x 771.024 pts (rotated 0 degrees),45279 bytes,yes,1.6,
2020-10-15_388491f7f645df30409bec6ef461792b_03-inventarislijst,,,,Langen. L. van - BD/DWJZ/JZW,Acrobat PDFMaker 17 voor Word,Adobe PDF Library 15.0,Wed Oct 14 11:28:11 2020,Mon Oct 19 12:33:36 2020,yes,none,5,AES 128-bit,print:yes copy:no change:no addNotes:yes,841.98 x 595.38 pts (A4) (rotated 270 degrees),95211 bytes,yes,1.6,
2020-10-15_388491f7f645df30409bec6ef461792b_04-bijlagen-bij-wob-besluit,,,,,Adobe Acrobat 17.11,Adobe Acrobat 17.11 Image Conversion Plug-in,Wed Oct 14 13:41:33 2020,Wed Oct 14 13:43:05 2020,yes,none,77,AES 128-bit,print:yes copy:no change:no addNotes:yes,595.44 x 842.04 pts (A4) (rotated 0 degrees),18406711 bytes,yes,1.6,
2020-10-15_388491f7f645df30409bec6ef461792b_besluit-op-wob-verzoek-over-aantal-aanwezigen-in-kerkeli,,Besluit op uw Wob-verzoek,,L. van Langen,Acrobat PDFMaker 17 voor Word,Adobe PDF Library 15.0,Mon Oct 19 13:00:05 2020,Mon Oct 19 13:00:16 2020,yes,none,10,RC4 128-bit,print:yes copy:no change:no addNotes:no,595.32 x 841.92 pts (A4) (rotated 0 degrees),114243 bytes,yes,1.5,
2020-10-29_8b71363fdc3c0bf8cd8d5c95c479a263_besluit-op-wob-verzoek-over-outbreak-management-team,,,,,OmniPage CSDK 19,Scanning,Thu Oct 29 13:27:08 2020,Tue Nov 10 11:22:49 2020,yes,none,5,no,,599.05 x 844.8 pts (rotated 0 degrees),1471359 bytes,yes,1.7,
2020-10-29_8b71363fdc3c0bf8cd8d5c95c479a263_bijlagen-bij-besluit-op-wob-verzoek-over-outbreak-manage,,,,,OmniPage CSDK 19,Scanning,Tue Nov  3 07:30:07 2020,Tue Nov  3 07:30:07 2020,yes,none,43,no,,599.05 x 844.8 pts (rotated 0 degrees),8623092 bytes,yes,1.7,
2020-10-29_e061ed7422e8d285489c2393486a42aa_besluit-op-wob-verzoek-over-notas-en-memos-over-covid-19,,,,,,,,,no,AcroForm,11,no,,599.04 x 844.8 pts (rotated 0 degrees),3574543 bytes,yes,1.6,
2020-10-29_e061ed7422e8d285489c2393486a42aa_bijlagen-bij-wob-verzoek-over-nota,,,,,,,Thu Oct 29 14:12:29 2020,Thu Oct 29 14:12:29 2020,no,AcroForm,32,no,,595.32 x 841.92 pts (A4) (rotated 0 degrees),7568136 bytes,yes,1.6,
2020-10-29_e061ed7422e8d285489c2393486a42aa_inventarisatielijst-bij-wob-verzoek-over-nota,,,,,,,Tue Nov  3 11:22:12 2020,Tue Nov  3 11:22:12 2020,yes,none,4,no,,792 x 612 pts (letter) (rotated 0 degrees),45738 bytes,yes,1.6,
2020-11-06_06f19c847169e6fa18283f6e0c899b9a_besluit-op-wob-verzoek-over-reisadvies-kroatie,,,,,,,,,no,AcroForm,7,no,,595.32 x 841.92 pts (A4) (rotated 0 degrees),61866 bytes,yes,1.6,
2020-11-06_06f19c847169e6fa18283f6e0c899b9a_bijlagen-bij-besluit-op-wob-verzoek-over-reisadvies-kroa,,,,,Tesseract,ZyLAB PDF export module,Fri Nov  6 16:17:55 2020,Fri Nov  6 16:17:55 2020,yes,none,61,no,,612 x 792 pts (letter) (rotated 0 degrees),26204324 bytes,yes,1.6,
2020-11-12_60bc879ec3f0ac606466de40eb9e3fd1_besluit-op-wob-verzoek-over-totstandkoming-van-de-now-re,,,,,,,,,no,AcroForm,3,no,,599.05 x 844.8 pts (rotated 0 degrees),828906 bytes,yes,1.6,
2020-11-12_60bc879ec3f0ac606466de40eb9e3fd1_bijlagen-bij-besluit-op-wob-verzoek-over-totstandkoming-,,,,,OmniPage CSDK 19,Scanning,Tue Nov 17 10:43:32 2020,Tue Nov 17 11:17:37 2020,yes,AcroForm,130,no,,599.05 x 844.8 pts (rotated 0 degrees),11360601 bytes,yes,1.7,
2020-11-12_60bc879ec3f0ac606466de40eb9e3fd1_inventarislijst-bij-besluit-op-wob-verzoek-over-totstand,,,,,OmniPage CSDK 19,Scanning,Wed Nov 11 15:45:40 2020,Wed Nov 11 15:45:40 2020,yes,none,2,no,,599.05 x 844.8 pts (rotated 0 degrees),556161 bytes,no,1.7,
2020-11-12_868cf53613b0a5cb32a37172418ea304_besluit-wob-verzoek-over-staatssteun-klm,,,,,,,Thu Nov 12 14:36:36 2020,Thu Nov 12 14:36:36 2020,yes,AcroForm,3,no,,595.2 x 841.8 pts (A4) (rotated 0 degrees),127059 bytes,yes,1.7,
2020-11-18_635253f01552aa241303bd7f4da7a741_besluit-op-wob-verzoek-over-naleving-15-meter-maatregele,,,,,,,,,no,AcroForm,1,no,,842 x 596 pts (A4) (rotated 270 degrees),204729 bytes,yes,1.6,
2020-11-19_846c20c088c6491e5a2b6f12da114a40_besluit-op-wob-verzoek-over-aankoop-medische-middelen-co,,,,,,,Tue Dec 22 16:50:40 2020,Wed Dec 23 11:06:22 2020,no,AcroForm,11,no,,595.22 x 842 pts (A4) (rotated 0 degrees),220248 bytes,yes,1.7,
2020-11-19_846c20c088c6491e5a2b6f12da114a40_bijlage-1-bij-besluit-op-wob-verzoek-over-aankoop-medisc,,,,,Tesseract,ZyLAB PDF export module,Wed Dec 23 13:39:52 2020,Wed Dec 23 13:39:58 2020,yes,AcroForm,222,no,,612 x 792 pts (letter) (rotated 0 degrees),27784596 bytes,no,1.7,
2020-11-19_846c20c088c6491e5a2b6f12da114a40_bijlage-2-bij-besluit-op-wob-verzoek-over-aankoop-medisc,,,,,Tesseract,ZyLAB PDF export module,Wed Dec 23 13:39:59 2020,Wed Dec 23 13:40:02 2020,yes,AcroForm,54,no,,612 x 792 pts (letter) (rotated 0 degrees),28901003 bytes,no,1.7,Syntax Warning: Bad annotation destination | Syntax Warning: Bad annotation destination | Syntax Warning: Bad annotation destination | Syntax Warning: Bad annotation destination | Syntax Warning: Bad annotation destination | Syntax Warning: Bad annotation destination | Syntax Warning: Bad annotation destination | Syntax Warning: Bad annotation destination | Syntax Warning: Bad annotation destination | Syntax Warning: Bad annotation destination | Syntax Warning: Bad annotation destination | Syntax Warning: Bad annotation destination | 
2020-11-19_846c20c088c6491e5a2b6f12da114a40_bijlage-3-bij-besluit-op-wob-verzoek-over-aankoop-medisc,,,,,Tesseract,ZyLAB PDF export module,Wed Dec 23 13:40:02 2020,Wed Dec 23 15:06:58 2020,yes,AcroForm,9,no,,594.72 x 840.96 pts (rotated 0 degrees),4832418 bytes,yes,1.7,
2020-11-27_a59aad003a50079a561f92ba38b27746_besluit-op-wob-verzoek-over-aanspreken-huisarts-en-apoth,,,,,OmniPage CSDK 19,Scanning,Wed Feb 10 10:04:52 2021,Wed Feb 10 12:56:57 2021,yes,none,13,no,,599.05 x 844.8 pts (rotated 0 degrees),3316344 bytes,yes,1.7,
2020-11-27_a59aad003a50079a561f92ba38b27746_documenten-bij-besluit-op-wob-verzoek-over-aanspreken-hu,,,,,OmniPage CSDK 19,Scanning,Mon Feb  8 11:07:11 2021,Wed Feb 10 12:59:53 2021,yes,none,143,no,,599.05 x 844.8 pts (rotated 0 degrees),14132660 bytes,yes,1.7,
2020-12-01_6762214604a58986abf9cc852b4202e9_besluit-wob-verzoek-over-covid-19-december-2019-tot-en-m,,,,,OmniPage CSDK 19,Scanning,Wed Dec 16 14:05:09 2020,Thu Dec 17 10:00:03 2020,yes,none,57,no,,599.05 x 844.8 pts (rotated 0 degrees),9221332 bytes,yes,1.7,
2020-12-01_6762214604a58986abf9cc852b4202e9_bijlagen-deel-1-bij-besluit-wob-verzoek-over-covid-19,,,,,FineReader,ZyLAB PDF export module,Wed Dec 16 11:58:22 2020,Thu Dec 17 10:06:44 2020,yes,AcroForm,85,no,,594.96 x 841.44 pts (rotated 0 degrees),7032932 bytes,yes,1.6,
2020-12-01_6762214604a58986abf9cc852b4202e9_bijlagen-deel-2-bij-besluit-wob-verzoek-over-covid-19,,,,,FineReader,ZyLAB PDF export module,Wed Dec 16 12:09:36 2020,Thu Dec 17 10:22:04 2020,yes,AcroForm,100,no,,612 x 792 pts (letter) (rotated 0 degrees),7989619 bytes,yes,1.7,
2020-12-01_6762214604a58986abf9cc852b4202e9_bijlagen-deel-3-bij-besluit-wob-verzoek-over-covid-19,,,,,FineReader,ZyLAB PDF export module,Wed Dec 16 12:25:16 2020,Thu Dec 17 10:24:13 2020,yes,AcroForm,115,no,,612 x 792 pts (letter) (rotated 0 degrees),10450108 bytes,yes,1.7,
2020-12-01_6762214604a58986abf9cc852b4202e9_bijlagen-deel-4-bij-besluit-wob-verzoek-over-covid-19,,,,,FineReader,ZyLAB PDF export module,Wed Dec 16 12:54:26 2020,Thu Dec 17 10:26:25 2020,yes,AcroForm,132,no,,612 x 792 pts (letter) (rotated 0 degrees),11924800 bytes,yes,1.7,
2020-12-01_6762214604a58986abf9cc852b4202e9_bijlagen-deel-5-bij-besluit-wob-verzoek-over-covid-19,,,,,FineReader,ZyLAB PDF export module,Wed Dec 16 13:36:27 2020,Thu Dec 17 10:27:28 2020,yes,AcroForm,162,no,,612 x 792 pts (letter) (rotated 0 degrees),13044077 bytes,yes,1.7,
2020-12-01_6762214604a58986abf9cc852b4202e9_bijlagen-deel-6-bij-besluit-wob-verzoek-over-covid-19,,,,,FineReader,ZyLAB PDF export module,Wed Dec 16 14:05:24 2020,Thu Dec 17 10:28:28 2020,yes,AcroForm,69,no,,595.44 x 841.92 pts (A4) (rotated 0 degrees),16364055 bytes,yes,1.6,
2020-12-01_6762214604a58986abf9cc852b4202e9_bijlagen-deel-7-bij-besluit-wob-verzoek-over-covid-19,,,,,FineReader,ZyLAB PDF export module,Wed Dec 16 14:15:31 2020,Thu Dec 17 10:29:23 2020,yes,AcroForm,77,no,,595.44 x 841.68 pts (rotated 0 degrees),8525731 bytes,yes,1.7,
2020-12-02_cd6612007d9d3c6ae6f1dc61a4659bde_afschrift-brief-met-deelbesluit-wob-covid-19-iccb-stukke,Deelbesluit WOB ICCb covid-19.pdf,,,CHOOFT,,Microsoft: Print To PDF,Wed Dec  2 13:06:49 2020,Wed Dec  2 16:53:35 2020,no,none,6,no,,595.32 x 841.92 pts (A4) (rotated 0 degrees),4440847 bytes,yes,1.7,
2020-12-02_e8b9dd0d181f00c4b76cec0746ce3bfc_besluit-op-wob-verzoek-over-coronamaatregelen,,,,,,,,,no,AcroForm,5,no,,842 x 596 pts (A4) (rotated 270 degrees),1220914 bytes,yes,1.6,
2020-12-09_7aca2bc4396adb45f54702dc007c93ab_besluit-en-openbaar-gemaakte-documenten-wob-verzoek-repa,,,,,Tesseract,ZyLAB PDF export module,Mon Dec  7 12:09:16 2020,Wed Dec  9 16:50:06 2020,yes,AcroForm,100,no,,595.32 x 841.92 pts (A4) (rotated 0 degrees),6609896 bytes,yes,1.6,
2020-12-11_30474038b01b8076945bc8efa171d6b0_bijlage-1-van-15-bij-tweede-deelbesluit-wob-verzoek-covi,,,,,,,,,yes,none,73,no,,599.05 x 844.8 pts (rotated 0 degrees),16153300 bytes,yes,1.7,
2020-12-11_30474038b01b8076945bc8efa171d6b0_bijlage-10-van-15-bij-tweede-deelbesluit-wob-verzoek-cov,,,,,OmniPage CSDK 19,Scanning,Fri Dec 11 17:02:19 2020,Fri Dec 11 17:02:19 2020,yes,none,109,no,,599.05 x 844.8 pts (rotated 0 degrees),30535767 bytes,yes,1.7,
2020-12-11_30474038b01b8076945bc8efa171d6b0_bijlage-11-van-15-bij-tweede-deelbesluit-wob-verzoek-cov,,,,,OmniPage CSDK 19,Scanning,Fri Dec 11 17:10:30 2020,Fri Dec 11 18:01:27 2020,yes,none,92,no,,599.05 x 844.8 pts (rotated 0 degrees),25685827 bytes,no,1.7,Syntax Warning: Bad annotation destination | 
2020-12-11_30474038b01b8076945bc8efa171d6b0_bijlage-12-van-15-bij-tweede-deelbesluit-wob-verzoek-cov,,,,,OmniPage CSDK 19,Scanning,Fri Dec 11 17:10:30 2020,Fri Dec 11 18:02:26 2020,yes,none,31,no,,599.05 x 844.8 pts (rotated 0 degrees),6427830 bytes,no,1.7,Syntax Warning: Bad annotation destination | Syntax Warning: Bad annotation destination | Syntax Warning: Bad annotation destination | Syntax Warning: Bad annotation destination | 
2020-12-11_30474038b01b8076945bc8efa171d6b0_bijlage-13-van-15-bij-tweede-deelbesluit-wob-verzoek-cov,,,,,OmniPage CSDK 19,Scanning,Fri Dec 11 17:38:18 2020,Fri Dec 11 17:38:18 2020,yes,none,115,no,,599.05 x 844.8 pts (rotated 0 degrees),27976359 bytes,yes,1.7,
2020-12-11_30474038b01b8076945bc8efa171d6b0_bijlage-14-van-15-bij-tweede-deelbesluit-wob-verzoek-cov,,,,,OmniPage CSDK 19,Scanning,Fri Dec 11 17:22:50 2020,Fri Dec 11 17:22:50 2020,yes,none,84,no,,599.05 x 844.8 pts (rotated 0 degrees),25409317 bytes,yes,1.7,
2020-12-11_30474038b01b8076945bc8efa171d6b0_bijlage-15-van-15-bij-tweede-deelbesluit-wob-verzoek-cov,,,,,OmniPage CSDK 19,Scanning,Fri Dec 11 16:12:21 2020,Fri Dec 11 17:17:13 2020,yes,none,62,no,,599.05 x 844.8 pts (rotated 0 degrees),18749231 bytes,no,1.4,
2020-12-11_30474038b01b8076945bc8efa171d6b0_bijlage-2-van-15-bij-tweede-deelbesluit-wob-verzoek-covi,,,,,OmniPage CSDK 19,Scanning,Fri Dec 11 14:46:15 2020,Fri Dec 11 15:23:58 2020,yes,AcroForm,94,no,,599.05 x 844.8 pts (rotated 0 degrees),19834874 bytes,yes,1.7,
2020-12-11_30474038b01b8076945bc8efa171d6b0_bijlage-3-van-15-bij-tweede-deelbesluit-wob-verzoek-covi,,,,,OmniPage CSDK 19,Scanning,Fri Dec 11 16:21:37 2020,Fri Dec 11 16:22:55 2020,yes,none,130,no,,599.05 x 844.8 pts (rotated 0 degrees),25350680 bytes,yes,1.7,
2020-12-11_30474038b01b8076945bc8efa171d6b0_bijlage-4-van-15-bij-tweede-deelbesluit-wob-verzoek-covi,,,,,OmniPage CSDK 19,Scanning,Fri Dec 11 17:22:28 2020,Fri Dec 11 17:22:28 2020,yes,none,104,no,,599.05 x 844.8 pts (rotated 0 degrees),24516093 bytes,yes,1.7,
2020-12-11_30474038b01b8076945bc8efa171d6b0_bijlage-5-van-15-bij-tweede-deelbesluit-wob-verzoek-covi,,,,,OmniPage CSDK 19,Scanning,Fri Dec 11 17:26:01 2020,Fri Dec 11 17:26:01 2020,yes,none,128,no,,599.05 x 844.8 pts (rotated 0 degrees),30895178 bytes,yes,1.7,
2020-12-11_30474038b01b8076945bc8efa171d6b0_bijlage-6-van-15-bij-tweede-deelbesluit-wob-verzoek-covi,,,,,OmniPage CSDK 19,Scanning,Fri Dec 11 15:09:47 2020,Fri Dec 11 16:49:04 2020,yes,none,82,no,,599.05 x 844.8 pts (rotated 0 degrees),12516851 bytes,yes,1.7,
2020-12-11_30474038b01b8076945bc8efa171d6b0_bijlage-7-van-15-bij-tweede-deelbesluit-wob-verzoek-covi,,,,,OmniPage CSDK 19,Scanning,Fri Dec 11 17:10:07 2020,Fri Dec 11 17:10:07 2020,yes,AcroForm,103,no,,844.8 x 599.05 pts (rotated 0 degrees),25823300 bytes,yes,1.7,
2020-12-11_30474038b01b8076945bc8efa171d6b0_bijlage-8-van-15-bij-tweede-deelbesluit-wob-verzoek-covi,,,,,OmniPage CSDK 19,Scanning,Fri Dec 11 16:45:43 2020,Fri Dec 11 16:45:43 2020,yes,none,111,no,,599.05 x 844.8 pts (rotated 0 degrees),26566111 bytes,yes,1.7,
2020-12-11_30474038b01b8076945bc8efa171d6b0_bijlage-9-van-15-bij-tweede-deelbesluit-wob-verzoek-covi,,,,,OmniPage CSDK 19,Scanning,Fri Dec 11 16:52:12 2020,Fri Dec 11 16:52:12 2020,yes,none,81,no,,844.8 x 599.05 pts (rotated 0 degrees),21533357 bytes,yes,1.7,
2020-12-11_30474038b01b8076945bc8efa171d6b0_inventarislijst,,,,,OmniPage CSDK 19,Scanning,Fri Dec 11 16:20:56 2020,Fri Dec 11 17:29:44 2020,yes,none,3,no,,844.8 x 599.05 pts (rotated 0 degrees),1444907 bytes,yes,1.7,
2020-12-11_30474038b01b8076945bc8efa171d6b0_wob-iccb-deelbesluit-2,,,,,,,,,yes,AcroForm,7,no,,599.05 x 844.8 pts (rotated 0 degrees),2119048 bytes,yes,1.7,
2020-12-17_855c22f53e49d18948f4620d8eb7fba7_besluit-op-wob-verzoek-over-reisadvies-voor-china-door-c,,,,,,,Wed Dec 23 11:39:30 2020,Wed Dec 23 11:39:30 2020,no,AcroForm,11,no,,595.22 x 842 pts (A4) (rotated 0 degrees),146143 bytes,yes,1.7,
2020-12-17_855c22f53e49d18948f4620d8eb7fba7_bijlage-1-bij-besluit-op-wob-verzoek-over-reisadvies-voo,,,,,,,Wed Dec 23 13:40:07 2020,Wed Dec 23 13:40:11 2020,no,AcroForm,128,no,,612 x 792 pts (letter) (rotated 0 degrees),29161215 bytes,no,1.6,
2020-12-17_855c22f53e49d18948f4620d8eb7fba7_bijlage-2-bij-besluit-op-wob-verzoek-over-reisadvies-voo,,,,,,,Wed Dec 23 13:40:12 2020,Wed Dec 23 15:25:51 2020,no,AcroForm,17,no,,612 x 792 pts (letter) (rotated 0 degrees),2962005 bytes,yes,1.6,
2020-12-18_c818a40c1231648be4cfe5ce52aa3544_besluit-op-wob-verzoek-over-tegemoetkoming-ondernemers-g,Besluit _Wob_2020_180_RVO_18122020.pdf,,,SchaartR,,Microsoft: Print To PDF,Wed Dec 23 12:36:22 2020,Wed Dec 23 13:20:05 2020,no,none,5,no,,595.32 x 841.92 pts (A4) (rotated 0 degrees),3569192 bytes,yes,1.7,
2020-12-18_e894904cd8de2892fa1143092d638832_besluit-op-wob-verzoek-over-contacten-bedrijfsleven-coro,Besluit Wob-verzoek inz. contacten bedrijfsleven coronasteunmaatregelen,,,,PDFCreator Version 1.7.2,GPL Ghostscript 9.10,Fri Dec 18 12:20:08 2020,Fri Dec 18 12:52:32 2020,no,AcroForm,7,no,,595 x 842 pts (A4) (rotated 0 degrees),109606 bytes,yes,1.7,
2020-12-18_e894904cd8de2892fa1143092d638832_bijlage-1-bij-besluit-op-wob-verzoek-over-contacten-bedr,,,,,OmniPage CSDK 19,Scanning,Tue Dec 15 13:19:33 2020,Fri Dec 18 12:54:46 2020,yes,none,74,no,,599.05 x 840.95 pts (rotated 0 degrees),11964410 bytes,yes,1.7,
2020-12-18_e894904cd8de2892fa1143092d638832_bijlage-2-bij-besluit-op-wob-verzoek-over-contacten-bedr,,,,,OmniPage CSDK 19,Scanning,Tue Dec 15 13:22:51 2020,Fri Dec 18 12:56:53 2020,yes,none,74,no,,599.05 x 840.95 pts (rotated 0 degrees),15709735 bytes,yes,1.7,
2020-12-18_e894904cd8de2892fa1143092d638832_bijlage-3-bij-besluit-op-wob-verzoek-over-contacten-bedr,,,,,OmniPage CSDK 19,Scanning,Tue Dec 15 13:22:12 2020,Fri Dec 18 12:57:51 2020,yes,none,80,no,,599.05 x 840.95 pts (rotated 0 degrees),14720331 bytes,yes,1.7,
2020-12-18_e894904cd8de2892fa1143092d638832_inventarislijst-bij-besluit-op-wob-verzoek-over-contacte,2020-069 Bijlage 2 - Gecombineerde inventarislijst,,,,PDFCreator Version 1.7.2,GPL Ghostscript 9.10,Fri Dec 18 12:30:24 2020,Fri Dec 18 12:54:07 2020,no,none,5,no,,595 x 842 pts (A4) (rotated 90 degrees),53535 bytes,yes,1.4,
2021-02-12_f6a6f1e9d73ed2d0e66d22f1312a7641_besluit-op-wob-verzoek,,,,,,,,,no,AcroForm,9,no,,595.2 x 841.6 pts (rotated 0 degrees),143596 bytes,yes,1.6,
2021-02-12_f6a6f1e9d73ed2d0e66d22f1312a7641_deels-openbare-documenten,,,,,,,,,no,AcroForm,15,no,,595 x 841 pts (rotated 0 degrees),1498696 bytes,yes,1.6,
2021-02-12_f6a6f1e9d73ed2d0e66d22f1312a7641_inventarislijst,,,,Koese-K÷se. S. (Senem) - HBJZ,Acrobat PDFMaker 20 voor Excel,Adobe PDF Library 20.12.80,Mon Feb  8 16:30:57 2021,Mon Feb  8 16:30:59 2021,yes,none,1,no,,595.2 x 841.8 pts (A4) (rotated 0 degrees),83733 bytes,yes,1.6,
2021-02-16_8c1da855d257e259b6bdee0c68f9c4f6_besluit-wob-verzoek-gespreksverslagen-mbvom,,,,,OmniPage CSDK 19,Scanning,Fri Feb 12 12:18:21 2021,Fri Feb 12 12:18:21 2021,yes,none,4,no,,599.05 x 840.95 pts (rotated 0 degrees),731310 bytes,no,1.7,
2021-02-18_41fedde7ea03bdd9ac5cd92c7f7cfd43_besluit-op-wob-verzoek,20210205 Besluit Wob-verzoek dhr. Hofstrajdj.pdf,,,hanniarkesteijn,PDFCreator Version 1.7.3,GPL Ghostscript 9.10,Mon Feb 15 11:21:23 2021,Thu Feb 18 11:27:57 2021,no,AcroForm,2,no,,595 x 842 pts (A4) (rotated 0 degrees),77247 bytes,yes,1.7,
2021-02-18_41fedde7ea03bdd9ac5cd92c7f7cfd43_documenten,,,,,Adobe Acrobat Pro 10.1.6,Adobe Acrobat Pro 10.1.6,Fri Jan 15 16:52:22 2021,Thu Feb  4 19:16:09 2021,yes,AcroForm,29,no,,595.5 x 842.25 pts (A4) (rotated 0 degrees),3315536 bytes,yes,1.7,
2021-02-18_41fedde7ea03bdd9ac5cd92c7f7cfd43_inventarislijst,Inventarislijst Wob-verzoek Hofstra,(),(),annemiddeldorp,PDFCreator Version 1.7.3,GPL Ghostscript 9.10,Thu Feb  4 19:04:04 2021,Thu Feb  4 19:04:04 2021,no,none,1,no,,595 x 842 pts (A4) (rotated 90 degrees),33169 bytes,no,1.4,
2021-02-18_b1ab011d8ce964adfb85fd6d445e214b_besluit,,,,Drenthe. K (Karin) (DJZ/SECR),Adobe Acrobat Pro 2017 17.11.30078,Adobe Acrobat Pro 2017 17.11.30078,Thu Feb 18 14:33:16 2021,Thu Feb 18 14:33:41 2021,yes,AcroForm,7,no,,595.2 x 841.8 pts (A4) (rotated 0 degrees),198406 bytes,yes,1.6,
2021-02-18_b1ab011d8ce964adfb85fd6d445e214b_documenten,,,,,ZyLAB PDF export module,ZyLAB PDF export module,Fri Jan 22 09:25:48 2021,Thu Feb 18 14:30:04 2021,no,AcroForm,69,no,,612 x 792 pts (letter) (rotated 0 degrees),5031348 bytes,yes,1.6,
2021-02-18_b1ab011d8ce964adfb85fd6d445e214b_inventarislijst,,,,Vanderstappen. R (Robin) (DJZ/PUBLIEK),Acrobat PDFMaker 20 voor Word,Adobe PDF Library 20.12.80,Mon Feb  1 09:58:12 2021,Thu Feb 18 14:25:00 2021,yes,none,3,no,,842.04 x 595.32 pts (A4) (rotated 0 degrees),110455 bytes,yes,1.6,
2021-02-18_c5744f2f99e5382c8d2e02ace719cade_besluit,,,,Drenthe. K (Karin) (DJZ/SECR),Adobe Acrobat Pro 2017 17.11.30078,Adobe Acrobat Pro 2017 17.11.30078,Thu Feb 18 14:46:52 2021,Thu Feb 18 14:47:23 2021,yes,AcroForm,7,no,,595.2 x 841.8 pts (A4) (rotated 0 degrees),179794 bytes,yes,1.6,
2021-02-18_c5744f2f99e5382c8d2e02ace719cade_documenten,,,,,ZyLAB PDF export module,ZyLAB PDF export module,Thu Jan 28 15:59:32 2021,Thu Feb 18 14:52:43 2021,yes,AcroForm,639,no,,594.72 x 840.96 pts (rotated 0 degrees),59047070 bytes,yes,1.6,
2021-02-18_c5744f2f99e5382c8d2e02ace719cade_inventarislijst,,,,Duijn. WJG (Willem-Jan) van (BEDRIJF),Acrobat PDFMaker 17 voor Excel,Adobe PDF Library 15.0,Wed Feb  3 17:58:59 2021,Thu Feb 18 14:51:30 2021,yes,none,22,no,,1202.91 x 850.286 pts (rotated 0 degrees),349937 bytes,yes,1.5,
2021-02-18_df75b6c01539a9a9670e85d6e4527dde_besluit,,,,Drenthe. K (Karin) (DJZ/SECR),Adobe Acrobat Pro 2017 17.11.30078,Adobe Acrobat Pro 2017 17.11.30078,Thu Feb 18 14:23:37 2021,Thu Feb 18 14:23:37 2021,yes,AcroForm,7,no,,595.2 x 841.8 pts (A4) (rotated 0 degrees),205607 bytes,yes,1.6,
2021-02-18_df75b6c01539a9a9670e85d6e4527dde_documenten,,,,,ZyLAB PDF export module,ZyLAB PDF export module,Fri Jan 22 09:25:48 2021,Thu Feb 18 14:30:04 2021,no,AcroForm,69,no,,612 x 792 pts (letter) (rotated 0 degrees),5031348 bytes,yes,1.6,
2021-02-18_df75b6c01539a9a9670e85d6e4527dde_inventarislijst,,,,Vanderstappen. R (Robin) (DJZ/PUBLIEK),Acrobat PDFMaker 20 voor Word,Adobe PDF Library 20.12.80,Mon Feb  1 09:58:12 2021,Thu Feb 18 14:25:00 2021,yes,none,3,no,,842.04 x 595.32 pts (A4) (rotated 0 degrees),110455 bytes,yes,1.6,
2021-02-18_f7d2c584e02753d4c615d8a3aad375d7_besluit,,,,,ZyLAB PDF export module,ZyLAB PDF export module,Tue Feb  9 15:15:42 2021,Thu Feb 18 15:22:29 2021,no,none,5,no,,595.2 x 841.68 pts (rotated 0 degrees),2327717 bytes,yes,1.6,
2021-02-18_f7d2c584e02753d4c615d8a3aad375d7_documenten,,,,,ZyLAB PDF export module,ZyLAB PDF export module,Tue Feb  2 10:17:10 2021,Thu Feb 18 15:25:18 2021,no,AcroForm,182,no,,594.96 x 841.44 pts (rotated 0 degrees),22528532 bytes,yes,1.6,
2021-02-18_f7d2c584e02753d4c615d8a3aad375d7_inventarislijst,,,,Vanderstappen. R (Robin) (DJZ/PUBLIEK),Acrobat PDFMaker 20 voor Word,Adobe PDF Library 20.12.80,Tue Feb  2 10:05:12 2021,Thu Feb 18 15:24:09 2021,yes,none,5,no,,842.04 x 595.32 pts (A4) (rotated 0 degrees),179746 bytes,yes,1.6,
2021-02-23_6840882ced849377be1bf609f3a54002_besluit-op-wob-verzoek-over-contracten-die-de-overheid-h,,,,,,,Wed Feb  3 11:21:14 2021,Mon Feb 22 18:00:05 2021,no,AcroForm,5,no,,595.32 x 841.92 pts (A4) (rotated 0 degrees),139601 bytes,yes,1.6,
2021-02-23_80f41fe6be9b167bce0cd9cc87073ac0_besluit-wob-verzoek-over-covid-19,,,,,OmniPage CSDK 19,Scanning,Mon Feb 15 11:52:27 2021,Mon Feb 15 11:54:31 2021,yes,none,19,no,,599.05 x 844.8 pts (rotated 0 degrees),6431974 bytes,yes,1.7,
2021-02-23_80f41fe6be9b167bce0cd9cc87073ac0_bijlage-1-van-1-bij-besluit-wob-verzoek-over-covid-19,,,,MINVWS,Adobe Acrobat Pro 2017 17.11.30078,ZyLAB PDF export module,Thu Feb 18 14:51:28 2021,Thu Feb 18 16:06:23 2021,yes,AcroForm,416,no,,595.44 x 841.92 pts (A4) (rotated 0 degrees),169601420 bytes,yes,1.7,
2021-02-23_fc406f9a1e19428a996ca187ab93b4a2_besluit-i,,,,,,,,,yes,AcroForm,8,no,,595.56 x 842.04 pts (A4) (rotated 0 degrees),201951 bytes,yes,1.7,
2021-02-23_fc406f9a1e19428a996ca187ab93b4a2_besluit-ii,,,,,,,,,yes,AcroForm,8,no,,595.2 x 842.4 pts (A4) (rotated 0 degrees),304838 bytes,yes,1.7,
2021-02-23_fc406f9a1e19428a996ca187ab93b4a2_deels-openbare-documenten,,,,,,,Wed Feb 17 14:29:40 2021,Wed Feb 17 14:29:40 2021,yes,AcroForm,767,no,,595.276 x 841.89 pts (A4) (rotated 0 degrees),55122360 bytes,yes,1.7,
2021-02-23_fc406f9a1e19428a996ca187ab93b4a2_inventarislijst,,,,Koese-K÷se. S. (Senem) - HBJZ,Acrobat PDFMaker 17 voor Excel,Adobe PDF Library 15.0,Wed Feb 17 14:04:44 2021,Wed Feb 17 14:04:56 2021,yes,none,6,no,,1802.9 x 2551.64 pts (rotated 0 degrees),432497 bytes,yes,1.5,
2021-02-25_de8e1dfc72dd024906006e90e69efe5a_bijlage-1-relevante-artikelen-uit-de-wob,,,,,,,,,yes,none,2,no,,595.32 x 842.04 pts (A4) (rotated 0 degrees),90946 bytes,yes,1.6,
2021-02-25_de8e1dfc72dd024906006e90e69efe5a_bijlage-2-wob-mccb-inventarislijst,,,,,,,,,no,none,3,no,,844.8 x 599.05 pts (rotated 0 degrees),1465589 bytes,yes,1.6,
2021-02-25_de8e1dfc72dd024906006e90e69efe5a_wob-besluit-mccb,,,,,,,,,no,AcroForm,8,no,,599.05 x 844.8 pts (rotated 0 degrees),3653349 bytes,yes,1.6,
2021-02-25_de8e1dfc72dd024906006e90e69efe5a_wob-mccb-april-2020-deel-1,,,,,,,,,no,AcroForm,71,no,,595.32 x 841.92 pts (A4) (rotated 0 degrees),22252498 bytes,yes,1.6,
2021-02-25_de8e1dfc72dd024906006e90e69efe5a_wob-mccb-april-2020-deel-2,,,,,,,,,no,none,61,no,,595.32 x 841.92 pts (A4) (rotated 0 degrees),12878868 bytes,yes,1.6,
2021-02-25_de8e1dfc72dd024906006e90e69efe5a_wob-mccb-juni-2020,,,,,,,,,no,AcroForm,76,no,,599.05 x 844.8 pts (rotated 0 degrees),19055718 bytes,yes,1.6,
2021-02-25_de8e1dfc72dd024906006e90e69efe5a_wob-mccb-maart-2020,,,,,,,,,no,none,43,no,,599.05 x 844.8 pts (rotated 0 degrees),9015172 bytes,yes,1.6,
2021-02-25_de8e1dfc72dd024906006e90e69efe5a_wob-mccb-mei-2020-deel-1,,,,,,,,,no,none,91,no,,595.32 x 841.92 pts (A4) (rotated 0 degrees),19613670 bytes,yes,1.6,
2021-02-25_de8e1dfc72dd024906006e90e69efe5a_wob-mccb-mei-2020-deel-2,,,,,,,,,no,none,109,no,,841.92 x 595.32 pts (A4) (rotated 0 degrees),27026293 bytes,yes,1.6,
2021-03-01_a89de70f832112daf6b6cad242f215ff_besluit-wob-verzoek-aangaande-scenarios-en-maatregelen-i,,,,,OmniPage CSDK 19,Scanning,Mon Feb 15 14:16:53 2021,Mon Feb 15 14:50:11 2021,yes,none,20,no,,599.05 x 844.8 pts (rotated 0 degrees),4211286 bytes,yes,1.7,
2021-03-01_a89de70f832112daf6b6cad242f215ff_bijlage-1-van-1-bij-besluit-wob-verzoek-aangaande-scenar,,,,,Adobe Acrobat Pro 2017 17.11.30078,ZyLAB PDF export module,Wed Feb 17 10:13:23 2021,Thu Feb 18 14:52:36 2021,yes,AcroForm,200,no,,595.44 x 841.92 pts (A4) (rotated 0 degrees),68559460 bytes,no,1.7,
2021-03-03_14dc13e440430e32eb3d731b963c0e57_wob-besluit-contact-met-van-kansspelen-en-het-coronabele,,,,,Xerox WorkCentre 7556,Xerox WorkCentre 7556,Wed Feb 24 15:22:39 2021,Wed Mar  3 11:30:03 2021,no,AcroForm,2,no,,842 x 596 pts (A4) (rotated 270 degrees),207066 bytes,yes,1.7,
2021-03-03_eaccfb88026cd4b72dabbac10364b9e4_wob-besluit-tv-uitzending-eenvandaag-en-overleggen-covid,,,,,Xerox WorkCentre 7556,Xerox WorkCentre 7556,Wed Feb 24 09:09:12 2021,Wed Mar  3 11:25:19 2021,no,AcroForm,1,no,,842 x 596 pts (A4) (rotated 270 degrees),120107 bytes,yes,1.7,
2021-03-04_ae8422be4243a2de5a18cf773bbc050c_besluit-wob-inzake-agenda-afspraken-minister-staatssecre,,,,,,,Thu Mar  4 14:40:35 2021,Thu Mar  4 14:40:35 2021,no,AcroForm,15,no,,599.05 x 844.8 pts (rotated 0 degrees),4420785 bytes,yes,1.6,
2021-03-09_f791d70b38aa94e7b61666ec2b27a4d8_besluit-wob-verzoek-inzake-informatie-met-betrekking-tot,,,,,,,,,no,AcroForm,12,no,,595.32 x 841.92 pts (A4) (rotated 0 degrees),323713 bytes,yes,1.6,
2021-03-09_f791d70b38aa94e7b61666ec2b27a4d8_covid-19-inventarislijst,,,,,Microsoft« Excel« voor Microsoft 365,Microsoft« Excel« voor Microsoft 365,Tue Feb 23 11:12:57 2021,Tue Feb 23 11:14:36 2021,yes,none,2,no,,956.86 x 676.36 pts (rotated 0 degrees),132112 bytes,yes,1.7,
2021-03-09_f791d70b38aa94e7b61666ec2b27a4d8_gelakt-wob-verzoek-toezending-alle-documenten-communicat,,,,,,,,,no,AcroForm,2,no,,594.7 x 842.65 pts (rotated 0 degrees),1183828 bytes,yes,1.6,
2021-03-09_f791d70b38aa94e7b61666ec2b27a4d8_gelakte-stukken-covid-10-v10-geredigeerd,,,,,,,,,no,AcroForm,149,no,,595.32 x 841.92 pts (A4) (rotated 0 degrees),28593796 bytes,yes,1.6,
2021-03-22_51a2c7e46846e5d0f5b66f11f627cea9_samengevoegde-documenten-sierteeltsector-geredigeerd-dee,,,,,,,,,no,AcroForm,431,no,,595.22 x 842 pts (A4) (rotated 0 degrees),28287992 bytes,yes,1.6,
2021-03-22_51a2c7e46846e5d0f5b66f11f627cea9_wob-verzoek-inzake-contacten-met-het-bedrijfsleven-over-,,,,,,,,,no,AcroForm,70,no,,595.32 x 841.92 pts (A4) (rotated 0 degrees),997229 bytes,yes,1.7,
2021-03-22_86f33b5884e2922c05105a825dd1965a_besluit,,,,Drenthe. K (Karin) (DJZ/SECR),Adobe Acrobat Pro 2017 17.11.30078,Adobe Acrobat Pro 2017 17.11.30078,Mon Mar 22 14:42:37 2021,Mon Mar 22 14:43:14 2021,yes,AcroForm,5,no,,595.2 x 841.8 pts (A4) (rotated 0 degrees),157541 bytes,yes,1.6,
2021-03-22_86f33b5884e2922c05105a825dd1965a_documenten,,,,Drenthe. K (Karin) (DJZ/SECR),Adobe Acrobat Pro 2017 17.11.30078,Adobe Acrobat Pro 2017 17.11.30078,Mon Mar 15 11:50:49 2021,Mon Mar 22 14:40:13 2021,yes,AcroForm,50,no,,594.96 x 841.92 pts (A4) (rotated 0 degrees),16868905 bytes,yes,1.6,
2021-03-22_86f33b5884e2922c05105a825dd1965a_inventarislijst,,,,Drenthe. K (Karin) (DJZ/SECR),Adobe Acrobat Pro 2017 17.11.30078,Adobe Acrobat Pro 2017 17.11.30078,Mon Mar 22 14:38:50 2021,Mon Mar 22 14:39:44 2021,yes,AcroForm,1,no,,1052.55 x 744 pts (rotated 0 degrees),60449 bytes,yes,1.6,
2021-03-29_a3ff649ea59908478cde58fa21760c0b_besluit,,,,,,,,,no,AcroForm,4,no,,595.2 x 841.8 pts (A4) (rotated 0 degrees),374459 bytes,yes,1.6,
2021-03-29_d7daa61a74b066a989f10f68261cfe94_besluit-op-wob-verzoek-over-covid-19-gerelateerde-onderw,,,,,Adobe Acrobat 20.12,Adobe Acrobat 20.12 Image Conversion Plug-in,Thu Jan 28 10:50:36 2021,Fri Mar 26 15:44:16 2021,no,none,4,no,,595.64 x 842.04 pts (A4) (rotated 0 degrees),1023916 bytes,yes,1.6,
2021-03-29_fb2e15a16a314e4867257382da24896b_besluit,,,,,,,,,no,AcroForm,3,no,,595.2 x 841.8 pts (A4) (rotated 0 degrees),224061 bytes,yes,1.6,
2021-03-30_dda7f3e92c70dca1fa3ea7065b260be5_besluit,,,,,,,,,no,AcroForm,5,no,,595.2 x 841.8 pts (A4) (rotated 0 degrees),509514 bytes,yes,1.6,
2021-03-30_dda7f3e92c70dca1fa3ea7065b260be5_bijlage,,,,Grommen. E.A.E. (Erwin) - DGB,Acrobat PDFMaker 20 voor Word,Adobe PDF Library 20.12.80,Mon Mar 29 12:14:06 2021,Mon Mar 29 12:14:21 2021,yes,none,3,no,,595.32 x 842.04 pts (A4) (rotated 0 degrees),68818 bytes,yes,1.6,
2021-03-31_78780746b972ec32aa354b00dff31209_besluit-i,,,,,,,,,no,AcroForm,6,no,,599.05 x 844.8 pts (rotated 0 degrees),2381861 bytes,yes,1.6,
2021-03-31_78780746b972ec32aa354b00dff31209_besluit-ii,,,,,,,,,no,AcroForm,6,no,,599.05 x 844.8 pts (rotated 0 degrees),2349813 bytes,yes,1.6,
2021-03-31_78780746b972ec32aa354b00dff31209_bijlage-1,,,,,OmniPage CSDK 19,Scanning,Tue Mar 23 15:03:52 2021,Tue Mar 23 15:03:52 2021,yes,none,181,no,,599.05 x 844.8 pts (rotated 0 degrees),46458093 bytes,yes,1.7,
2021-03-31_78780746b972ec32aa354b00dff31209_bijlage-2,,,,,OmniPage CSDK 19,Scanning,Tue Mar 23 15:13:33 2021,Tue Mar 23 15:13:33 2021,yes,none,135,no,,599.05 x 844.8 pts (rotated 0 degrees),24774840 bytes,yes,1.7,
2021-03-31_78780746b972ec32aa354b00dff31209_inventarislijst,Inventarislijst 20-0062 definitief laatste versie..xlsx,,,DGameren,,Microsoft: Print To PDF,Tue Mar 23 15:39:01 2021,Tue Mar 23 15:39:01 2021,no,none,9,no,,841.92 x 595.32 pts (A4) (rotated 0 degrees),415264 bytes,no,1.7,
2021-04-01_0068ed0b40cca6270f857d2614cc63c0_besluit,,,,Hardiwinangun. HL (Dea) (DJZ/PUBLIEK),Microsoft« Word 2016,Microsoft« Word 2016,Thu Apr  1 14:21:38 2021,Thu Apr  1 14:22:08 2021,yes,none,3,no,,595.2 x 841.8 pts (A4) (rotated 0 degrees),155827 bytes,yes,1.6,
2021-04-01_0068ed0b40cca6270f857d2614cc63c0_document,,,,Hardiwinangun. HL (Dea) (DJZ/PUBLIEK),Microsoft« Word 2016,Microsoft« Word 2016,Thu Mar 25 10:22:44 2021,Thu Apr  1 14:22:29 2021,yes,none,1,no,,595.32 x 842.04 pts (A4) (rotated 0 degrees),97452 bytes,yes,1.6,
2021-04-01_34828b70c527f7eaa9f00a6f0b580bd7_besluit-op-wob-verzoek-1-voor-publicatie,,Besluit op uw Wob-verzoek,,mr. S. Kapteijn,Acrobat PDFMaker 20 voor Word,Adobe PDF Library 20.13.106,Thu Apr  1 10:56:39 2021,Thu Apr  1 10:56:50 2021,yes,none,12,AES 128-bit,print:yes copy:no change:no addNotes:no,595.32 x 841.92 pts (A4) (rotated 0 degrees),192142 bytes,yes,1.6,
2021-04-01_34828b70c527f7eaa9f00a6f0b580bd7_besluit-op-wob-verzoek-2-voor-publicatie,,Besluit op uw Wob-verzoek,,mr. S. Kapteijn,Acrobat PDFMaker 20 voor Word,Adobe PDF Library 20.13.106,Thu Apr  1 10:59:02 2021,Thu Apr  1 10:59:08 2021,yes,none,11,AES 128-bit,print:yes copy:no change:no addNotes:no,595.32 x 841.92 pts (A4) (rotated 0 degrees),186669 bytes,yes,1.6,
2021-04-01_34828b70c527f7eaa9f00a6f0b580bd7_besluit-op-wob-verzoek-3-voor-publicatie,,Besluit op uw Wob-verzoek,,mr. S. Kapteijn,Acrobat PDFMaker 20 voor Word,Adobe PDF Library 20.13.106,Thu Apr  1 11:00:54 2021,Thu Apr  1 11:01:02 2021,yes,none,11,AES 128-bit,print:yes copy:no change:no addNotes:no,595.32 x 841.92 pts (A4) (rotated 0 degrees),186113 bytes,yes,1.6,
2021-04-01_34828b70c527f7eaa9f00a6f0b580bd7_besluit-op-wob-verzoek-4-voor-publicatie,,Besluit op uw Wob-verzoek,,mr. S. Kapteijn,Acrobat PDFMaker 20 voor Word,Adobe PDF Library 20.13.106,Thu Apr  1 11:02:38 2021,Thu Apr  1 11:02:44 2021,yes,none,11,AES 128-bit,print:yes copy:no change:no addNotes:no,595.32 x 841.92 pts (A4) (rotated 0 degrees),184367 bytes,yes,1.6,
2021-04-01_34828b70c527f7eaa9f00a6f0b580bd7_besluit-op-wob-verzoek-5-voor-publicatie,,Besluit op uw Wob-verzoek,,mr. S. Kapteijn,Acrobat PDFMaker 20 voor Word,Adobe PDF Library 20.13.106,Thu Apr  1 11:07:31 2021,Thu Apr  1 11:07:37 2021,yes,none,11,AES 128-bit,print:yes copy:no change:no addNotes:no,595.32 x 841.92 pts (A4) (rotated 0 degrees),186514 bytes,yes,1.6,
2021-04-01_34828b70c527f7eaa9f00a6f0b580bd7_bijlage-2-inventarislijst-voor-publicatie,,,,,OmniPage CSDK 19,Scanning,Thu Apr  1 10:39:42 2021,Thu Apr  1 10:44:19 2021,yes,none,2,no,,599.05 x 844.8 pts (rotated 0 degrees),539411 bytes,yes,1.7,
2021-04-01_34828b70c527f7eaa9f00a6f0b580bd7_wob-besluit-openbaar-te-maken-documenten-publicatie,,,,,OmniPage CSDK 19,Scanning,Thu Apr  1 10:51:53 2021,Thu Apr  1 11:45:30 2021,yes,none,75,no,,599.05 x 844.8 pts (rotated 0 degrees),17415251 bytes,yes,1.7,
2021-04-19_2fdbfdcfe2c1a823c5063b7d4892f81b_besluit-wob-verzoek-aangaande-vaccinaties-in-de-periode-,,,,,OmniPage CSDK 19,Scanning,Thu Apr 15 10:05:27 2021,Thu Apr 15 10:05:27 2021,yes,none,7,no,,599.05 x 844.8 pts (rotated 0 degrees),1724977 bytes,no,1.7,
2021-04-19_2fdbfdcfe2c1a823c5063b7d4892f81b_bijlagen-bij-besluit-wob-verzoek-aangaande-vaccinaties-i,,,,,FineReader,ZyLAB PDF export module,Tue Mar  9 16:19:38 2021,Tue Mar  9 16:19:38 2021,yes,AcroForm,9,no,,612 x 792 pts (letter) (rotated 0 degrees),2734361 bytes,yes,1.7,
2021-04-19_73551ea514bcecbd2330ec6102c6f776_besluit-wob-verzoek-aangaande-capaciteit-ziekenhuizen-in,,,,,OmniPage CSDK 19,Scanning,Thu Apr 15 09:14:45 2021,Thu Apr 15 09:14:45 2021,yes,none,8,no,,599.05 x 844.8 pts (rotated 0 degrees),1948547 bytes,no,1.7,
2021-04-19_73551ea514bcecbd2330ec6102c6f776_bijlagen-bij-besluit-wob-verzoek-aangaande-capaciteit-zi,,,,,FineReader,ZyLAB PDF export module,Thu Apr  1 11:27:11 2021,Thu Apr  1 11:27:11 2021,no,none,13,no,,594.96 x 841.44 pts (rotated 0 degrees),4057590 bytes,yes,1.6,
2021-04-19_cda765b733568e3fab452ef4fa8a63ad_besluit-wob-verzoek-aangaande-overleggen-overig-in-de-pe,,,,,OmniPage CSDK 19,Scanning,Thu Apr 15 09:56:20 2021,Thu Apr 15 09:56:20 2021,yes,none,19,no,,599.05 x 844.8 pts (rotated 0 degrees),5580068 bytes,no,1.7,
2021-04-19_cda765b733568e3fab452ef4fa8a63ad_bijlagen-bij-besluit-wob-verzoek-aangaande-overleggen-ov,,,,,FineReader,ZyLAB PDF export module,Thu Mar 25 17:20:25 2021,Thu Mar 25 17:20:58 2021,no,AcroForm,385,no,,594.96 x 841.44 pts (rotated 0 degrees),142303483 bytes,yes,1.7,
2021-04-22_698e15f74560d6d2e8168198fb6fbe44_besluit-op-uw-wob-verzoek-dd-9-november-2020-mbt-covid-1,,,,,,,Thu Apr 22 18:07:05 2021,Thu Apr 22 18:07:05 2021,no,AcroForm,9,no,,595.32 x 841.92 pts (A4) (rotated 0 degrees),374097 bytes,yes,1.6,
2021-04-22_698e15f74560d6d2e8168198fb6fbe44_gelakt-lakvoorstel-denemarken-covid-19-versie-5-geredige,,,,,,,Thu Apr 22 18:07:59 2021,Thu Apr 22 18:07:59 2021,no,AcroForm,9,no,,595.22 x 842 pts (A4) (rotated 0 degrees),700586 bytes,yes,1.6,
2021-04-22_698e15f74560d6d2e8168198fb6fbe44_inventarisatielijst-wob-verzoek-dd-9-november-2020-mbt-c,Denemarken-COVID-19,,,,PScript5.dll Version 5.2.2,Acrobat Distiller 20.0 (Windows),Tue Apr 20 14:55:03 2021,Thu Apr 22 18:07:34 2021,no,none,1,no,,595.22 x 842 pts (A4) (rotated 90 degrees),95050 bytes,yes,1.6,
2021-05-04_40f5564f839324b9af20c295dd261007_eerste-deelbesluit-wob-verzoek-aantal-aanwezigen-in-kerk,,,,,PScript5.dll Version 5.2.2,Acrobat Distiller 20.0 (Windows),Tue May  4 15:39:26 2021,Tue May  4 16:55:51 2021,no,AcroForm,8,no,,599.05 x 844.8 pts (rotated 0 degrees),3326442 bytes,yes,1.6,
2021-05-04_40f5564f839324b9af20c295dd261007_inventarislijst-eerste-deelbesluit,inventarislijst deelbesluit 1 (lijnversie) (002).xlsx,,,AHERTOG,PScript5.dll Version 5.2.2,Acrobat Distiller 20.0 (Windows),Mon May  3 08:42:35 2021,Mon May  3 17:21:45 2021,no,none,3,no,,595.22 x 842 pts (A4) (rotated 90 degrees),139412 bytes,yes,1.6,
2021-05-04_40f5564f839324b9af20c295dd261007_wob-documenten,,,,,ZyLAB PDF export module,ZyLAB PDF export module,Tue Apr 13 10:12:54 2021,Tue May  4 16:40:06 2021,no,AcroForm,425,no,,612 x 792 pts (letter) (rotated 0 degrees),1071741152 bytes,yes,1.7,
2021-05-04_cddd7df80f644b73ef97e30b9888245d_documenten-denemarken-covid-19-v9-geredigeerd,,,,,,,,,no,AcroForm,29,no,,595 x 841 pts (rotated 0 degrees),2210693 bytes,yes,1.6,
2021-05-04_cddd7df80f644b73ef97e30b9888245d_inventarislijst-denemarken-covid-19,Denemarken-COVID-19_Inventarislijst V7.xlsx,,,,PScript5.dll Version 5.2.2,Acrobat Distiller 20.0 (Windows),Fri Apr 23 11:36:58 2021,Fri Apr 23 11:39:45 2021,no,none,3,no,,595.22 x 842 pts (A4) (rotated 90 degrees),119663 bytes,yes,1.6,
2021-05-04_cddd7df80f644b73ef97e30b9888245d_wob-omtrent-informatie-mbt-sanering-nertsenhouderijen-sp,,,,,,,,,no,AcroForm,10,no,,595.32 x 841.92 pts (A4) (rotated 0 degrees),357038 bytes,yes,1.6,
2021-05-11_a64b5c35d53d2e33ad29c4c61018a7ea_besluit-wob-verzoek-aangaande-testen-in-de-periode-febru,,,,,OmniPage CSDK 19,Scanning,Mon May 10 13:03:57 2021,Mon May 10 13:03:57 2021,yes,none,12,no,,599.05 x 844.8 pts (rotated 0 degrees),4218296 bytes,no,1.7,
2021-05-11_a64b5c35d53d2e33ad29c4c61018a7ea_bijlagen-bij-besluit-wob-verzoek-aangaande-testen-in-de-,,,,,,,Wed Apr 28 11:30:54 2021,Thu May  6 17:29:43 2021,no,AcroForm,219,no,,594.96 x 841.44 pts (rotated 0 degrees),39456789 bytes,yes,1.7,
2021-05-11_fa1882d312db1389abfca529f31c3408_beslissing-op-bezwaar-wob-verzoek-aantal-aanwezigen-in-k,,,,,,,,,no,AcroForm,25,no,,599.05 x 844.8 pts (rotated 0 degrees),10969435 bytes,yes,1.6,
2021-05-11_fa1882d312db1389abfca529f31c3408_inventarislijst-beslissing-op-bezwaar,,,,Langen. L. van - BD/DWJZ/JZW,Microsoft« Word 2016,Microsoft« Word 2016,Tue May 11 10:37:22 2021,Tue May 11 10:37:22 2021,yes,none,7,no,,842.04 x 595.32 pts (A4) (rotated 0 degrees),306135 bytes,no,1.5,
2021-05-11_fa1882d312db1389abfca529f31c3408_wob-documenten,,,,,Adobe Acrobat 20.13,Adobe Acrobat 20.13 Image Conversion Plug-in,Tue May 11 09:45:28 2021,Tue May 11 09:45:28 2021,no,none,98,no,,595.44 x 842.04 pts (A4) (rotated 0 degrees),23384553 bytes,yes,1.6,
2021-05-18_eb375aba46cb1fb46f895c04c1744906_besluit-wob-verzoek-hema,,,,,,,,,yes,AcroForm,17,no,,595.32 x 841.92 pts (A4) (rotated 0 degrees),254598 bytes,yes,1.7,
2021-05-18_eb375aba46cb1fb46f895c04c1744906_inventarislijst-wob-verzoek-hema,,,,Scheltema. mr. T.M. (Terence),Microsoft« Word voor Microsoft 365,Adobe Acrobat Pro DC 20.12.20048,Thu Apr  8 10:20:26 2021,Mon Apr 26 13:10:34 2021,no,none,50,no,,792 x 612 pts (letter) (rotated 0 degrees),357382 bytes,yes,1.7,
2021-05-18_eb375aba46cb1fb46f895c04c1744906_stukken-uitgestelde-verstrekking,,,,,,,,,yes,AcroForm,7,no,,595.32 x 841.92 pts (A4) (rotated 0 degrees),1672084 bytes,yes,1.7,
2021-05-18_eb375aba46cb1fb46f895c04c1744906_stukken-wob-verzoek-hema-gelakt-muv-stukken-uitgestelde-,,,,,,,,,yes,AcroForm,571,no,,842.04 x 595.32 pts (A4) (rotated 0 degrees),56793066 bytes,yes,1.7,
2021-05-25_f0a3fd8ea08f26d26fd059b0bf988127_besluit-wob-verzoek-aangaande-overleggen-vws-in-de-perio,,,,,OmniPage CSDK 19,Scanning,Fri May 21 12:07:37 2021,Fri May 21 12:07:37 2021,yes,none,17,no,,599.05 x 844.8 pts (rotated 0 degrees),4884548 bytes,no,1.7,
2021-05-25_f0a3fd8ea08f26d26fd059b0bf988127_samengestelde-documenten-overleg-vws-kern,,,,,FineReader,ZyLAB PDF export module,Thu Apr 22 16:37:45 2021,Tue May 11 11:58:19 2021,no,AcroForm,464,no,,595.44 x 841.92 pts (A4) (rotated 0 degrees),160474896 bytes,yes,1.7,
2021-05-27_0427668d693a03d94e02b67ac2c58106_bijlage-1-relevante-artikelen-uit-de-wob,,,,,,,,,no,none,2,no,,595.32 x 842.04 pts (A4) (rotated 0 degrees),89503 bytes,yes,1.6,
2021-05-27_0427668d693a03d94e02b67ac2c58106_bijlage-2-inventarislijst-wob-goodbye-2020,,,,,,,,,no,none,1,no,,844.8 x 599.05 pts (rotated 0 degrees),261562 bytes,yes,1.6,
2021-05-27_0427668d693a03d94e02b67ac2c58106_bijlage-3-documenten-wob-goodbye-2020,,,,,,,,,no,AcroForm,131,no,,599.05 x 844.8 pts (rotated 0 degrees),23928970 bytes,yes,1.6,
2021-05-27_0427668d693a03d94e02b67ac2c58106_wob-besluit-goodbye-2020,,,,,,,,,no,AcroForm,5,no,,599.05 x 844.8 pts (rotated 0 degrees),1368397 bytes,yes,1.6,
2021-06-02_da92c3ee15c6bd19686696fe88c6906f_besluit-wob-verzoek-np-onderwijs,,,,,OmniPage CSDK 19,Scanning,Mon May 31 14:37:03 2021,Mon May 31 14:37:03 2021,yes,none,10,no,,599.05 x 840.95 pts (rotated 0 degrees),2500247 bytes,no,1.7,
2021-06-02_da92c3ee15c6bd19686696fe88c6906f_bijlage-2-inventarislijst-wob-verzoek-inz-np-onderwijs,,,,Lemmen. Sharona,Acrobat PDFMaker 17 voor Excel,Adobe PDF Library 15.0,Mon May 31 13:15:15 2021,Mon May 31 13:15:25 2021,yes,none,11,no,,1214.21 x 1718.45 pts (rotated 0 degrees),206117 bytes,yes,1.5,
2021-06-02_da92c3ee15c6bd19686696fe88c6906f_bijlage-3-tijdlijn-totstandkoming-np-onderwijs-voor-wob-,,,,Kuipers. Jorien,Acrobat PDFMaker 17 voor Word,Adobe PDF Library 15.0,Wed May 26 11:09:41 2021,Wed May 26 11:09:50 2021,yes,none,3,no,,595.32 x 841.92 pts (A4) (rotated 0 degrees),31918 bytes,yes,1.5,
2021-06-02_da92c3ee15c6bd19686696fe88c6906f_definitieve-set-documenten-inz-np-onderwijs-deel-1,,,,,OmniPage CSDK 19,Scanning,Mon May 31 12:05:14 2021,Mon May 31 12:05:14 2021,yes,none,78,no,,599.05 x 840.95 pts (rotated 0 degrees),13907245 bytes,no,1.7,
2021-06-02_da92c3ee15c6bd19686696fe88c6906f_definitieve-set-documenten-inz-np-onderwijs-deel-2,,,,,OmniPage CSDK 19,Scanning,Mon May 31 12:13:19 2021,Mon May 31 12:13:19 2021,yes,none,98,no,,599.05 x 840.95 pts (rotated 0 degrees),20128291 bytes,no,1.7,
2021-06-02_da92c3ee15c6bd19686696fe88c6906f_definitieve-set-documenten-inz-np-onderwijs-deel-3,,,,,OmniPage CSDK 19,Scanning,Mon May 31 12:13:10 2021,Mon May 31 12:13:10 2021,yes,none,84,no,,599.05 x 840.95 pts (rotated 0 degrees),17282384 bytes,no,1.7,
2021-06-02_da92c3ee15c6bd19686696fe88c6906f_definitieve-set-documenten-inz-np-onderwijs-deel-4,,,,,OmniPage CSDK 19,Scanning,Mon May 31 12:18:20 2021,Mon May 31 12:18:20 2021,yes,none,82,no,,599.05 x 840.95 pts (rotated 0 degrees),15325177 bytes,no,1.7,
2021-06-02_da92c3ee15c6bd19686696fe88c6906f_definitieve-set-documenten-inz-np-onderwijs-deel-5,,,,,OmniPage CSDK 19,Scanning,Mon May 31 12:22:36 2021,Mon May 31 12:22:36 2021,yes,none,84,no,,599.05 x 840.95 pts (rotated 0 degrees),14523703 bytes,no,1.7,
2021-06-02_da92c3ee15c6bd19686696fe88c6906f_definitieve-set-documenten-inz-np-onderwijs-deel-6,,,,,,,,,yes,AcroForm,80,no,,599.05 x 840.95 pts (rotated 0 degrees),15327965 bytes,yes,1.7,
2021-06-02_da92c3ee15c6bd19686696fe88c6906f_definitieve-set-documenten-inz-np-onderwijs-deel-7,,,,,OmniPage CSDK 19,Scanning,Mon May 31 11:19:31 2021,Mon May 31 11:43:07 2021,yes,none,62,no,,599.05 x 840.95 pts (rotated 0 degrees),14616141 bytes,yes,1.7,
2021-06-02_da92c3ee15c6bd19686696fe88c6906f_definitieve-set-documenten-inz-np-onderwijs-deel-8,,,,,OmniPage CSDK 19,Scanning,Mon May 31 11:34:23 2021,Mon May 31 11:34:23 2021,yes,none,57,no,,599.05 x 840.95 pts (rotated 0 degrees),7606142 bytes,no,1.7,
2021-06-02_da92c3ee15c6bd19686696fe88c6906f_definitieve-set-documenten-inz-np-onderwijs-deel-9,,,,,OmniPage CSDK 19,Scanning,Mon May 31 11:20:04 2021,Mon May 31 11:43:39 2021,yes,none,42,no,,599.05 x 840.95 pts (rotated 0 degrees),7160090 bytes,yes,1.7,
2021-06-08_07e2b274045cb5b4f54371a3c905cae9_inventarislijst,,,,,,,,,no,none,2,no,,841.92 x 595.32 pts (A4) (rotated 0 degrees),403631 bytes,yes,1.6,
2021-06-08_07e2b274045cb5b4f54371a3c905cae9_wob-besluit,,,,,,,,,no,AcroForm,3,no,,595.32 x 841.92 pts (A4) (rotated 0 degrees),290805 bytes,yes,1.6,
2021-06-08_07e2b274045cb5b4f54371a3c905cae9_wobverzoek-mccb-catshuis,,,,,,,,,no,AcroForm,85,no,,595 x 841 pts (rotated 0 degrees),2647409 bytes,yes,1.6,
2021-06-08_d6b6d7c3080a7e30e39e8be2451f35d8_besluit-op-uw-wob-verzoek-dd-16-december-2020-inzake-uit,,,,,,,,,no,AcroForm,8,no,,595.32 x 841.92 pts (A4) (rotated 0 degrees),155520 bytes,yes,1.6,
2021-06-08_d6b6d7c3080a7e30e39e8be2451f35d8_documenten-wob-detailhandel,,,,,,,Thu Jun  3 08:56:28 2021,Thu Jun  3 08:56:28 2021,no,AcroForm,66,no,,595 x 841 pts (rotated 0 degrees),3668770 bytes,yes,1.6,
2021-06-08_d6b6d7c3080a7e30e39e8be2451f35d8_inventarislijst-wob-detailhandel,Microsoft Word - Inventarislijst Wob detailhandel,,,ZonnenbergM,PScript5.dll Version 5.2.2,Acrobat Distiller 20.0 (Windows),Thu Jun  3 08:56:12 2021,Thu Jun  3 08:56:12 2021,no,none,4,no,,595.22 x 842 pts (A4) (rotated 90 degrees),59895 bytes,yes,1.6,
2021-06-10_d8d9c5015c9ceb952052f29e1a27ed1f_besluit-op-wob-verzoek-coronamaatregelen-dji,,,,,OmniPage CSDK 19,Scanning,Fri May 28 15:43:03 2021,Tue Jun  8 10:16:40 2021,yes,AcroForm,5,no,,599.05 x 844.8 pts (rotated 0 degrees),4629102 bytes,yes,1.7,
2021-06-10_d8d9c5015c9ceb952052f29e1a27ed1f_inventarislijst-deel-1,Inventarislijst deel 1,(),(),eddywilting,PDFCreator Version 1.7.3,GPL Ghostscript 9.10,Mon Apr 12 15:39:45 2021,Mon Apr 12 15:39:45 2021,no,none,1,no,,595 x 842 pts (A4) (rotated 0 degrees),35165 bytes,no,1.4,
2021-06-10_d8d9c5015c9ceb952052f29e1a27ed1f_inventarislijst-deel-2,Inventarislijst deel 2,(),(),eddywilting,PDFCreator Version 1.7.3,GPL Ghostscript 9.10,Mon Apr 12 15:43:26 2021,Mon Apr 12 15:43:26 2021,no,none,1,no,,595 x 842 pts (A4) (rotated 0 degrees),29331 bytes,no,1.4,
2021-06-10_d8d9c5015c9ceb952052f29e1a27ed1f_openbaar-te-maken-documenten-deel-1,,,,,Adobe Acrobat Pro 10.1.6,Adobe Acrobat Pro 10.1.6,Mon May 31 15:38:07 2021,Mon May 31 15:38:30 2021,yes,AcroForm,206,no,,842 x 596 pts (A4) (rotated 270 degrees),10493474 bytes,no,1.7,
2021-06-10_d8d9c5015c9ceb952052f29e1a27ed1f_openbaar-te-maken-documenten-deel-2,,,,,Adobe Acrobat Pro 10.1.6,Adobe Acrobat Pro 10.1.6,Mon May 31 15:38:31 2021,Mon May 31 15:38:45 2021,yes,AcroForm,161,no,,842 x 596 pts (A4) (rotated 270 degrees),10437489 bytes,no,1.7,
2021-06-10_d8d9c5015c9ceb952052f29e1a27ed1f_openbaar-te-maken-documenten-deel-3,,,,,Adobe Acrobat Pro 10.1.6,Adobe Acrobat Pro 10.1.6,Mon May 31 15:38:46 2021,Mon May 31 15:39:16 2021,yes,AcroForm,166,no,,842 x 596 pts (A4) (rotated 270 degrees),10170111 bytes,no,1.7,
2021-06-10_d8d9c5015c9ceb952052f29e1a27ed1f_openbaar-te-maken-documenten-deel-4,,,,,Adobe Acrobat Pro 10.1.6,Adobe Acrobat Pro 10.1.6,Mon May 31 15:39:17 2021,Mon May 31 15:39:59 2021,yes,AcroForm,435,no,,595.32 x 841.92 pts (A4) (rotated 0 degrees),10417350 bytes,no,1.7,
2021-06-10_d8d9c5015c9ceb952052f29e1a27ed1f_openbaar-te-maken-documenten-deel-5,,,,,Adobe Acrobat Pro 10.1.6,Adobe Acrobat Pro 10.1.6,Mon May 31 15:39:59 2021,Mon May 31 15:40:32 2021,yes,AcroForm,155,no,,595.32 x 841.92 pts (A4) (rotated 0 degrees),10414599 bytes,no,1.7,
2021-06-10_d8d9c5015c9ceb952052f29e1a27ed1f_openbaar-te-maken-documenten-deel-6,,,,,Adobe Acrobat Pro 10.1.6,Adobe Acrobat Pro 10.1.6,Mon May 31 15:40:32 2021,Mon May 31 15:40:34 2021,yes,AcroForm,98,no,,595.32 x 842.04 pts (A4) (rotated 0 degrees),4776084 bytes,no,1.7,
2021-06-14_82493e06e956a0262e67e32167c32ff4_besluit,,,,Vanderstappen. R (Robin) (DJZ/PUBLIEK),Acrobat PDFMaker 20 voor Word,Adobe PDF Library 20.13.106,Mon Jun 14 14:36:59 2021,Mon Jun 14 15:50:08 2021,yes,none,4,no,,595.26 x 841.86 pts (A4) (rotated 0 degrees),122560 bytes,yes,1.6,
2021-06-14_82493e06e956a0262e67e32167c32ff4_documenten,,,,,ZyLAB PDF export module,ZyLAB PDF export module,Mon Jun 14 13:53:53 2021,Mon Jun 14 13:53:53 2021,no,none,91,no,,595.2 x 841.68 pts (rotated 0 degrees),29303427 bytes,yes,1.5,
2021-06-14_82493e06e956a0262e67e32167c32ff4_inventarislijst,,,,Spies. Rink,Microsoft« Excel« 2016,Microsoft« Excel« 2016,Wed May 12 15:44:41 2021,Mon Jun 14 13:52:51 2021,yes,none,4,no,,842.04 x 594.96 pts (A4) (rotated 0 degrees),269799 bytes,yes,1.5,
2021-06-16_3441cf60e6981c7a2d61298d4253d1ad_bijlage-3-documenten-bij-besluit-bik,,,,,,,Wed Jun 16 18:34:28 2021,Wed Jun 16 18:34:28 2021,no,AcroForm,47,no,,595.22 x 842 pts (A4) (rotated 0 degrees),2508095 bytes,yes,1.6,
2021-06-16_3441cf60e6981c7a2d61298d4253d1ad_wob-besluit-wob-verzoek-dd-18-september-2020-inzake-bik,,,,,,,Wed Jun 16 18:33:34 2021,Wed Jun 16 18:33:34 2021,no,AcroForm,11,no,,595.7 x 836.4 pts (rotated 0 degrees),4577463 bytes,yes,1.6,
2021-06-16_8b8890d6058f24465456cc410f4262ae_besluit,,,,Lammers. A (Andrea) (DJZ/PUBLIEK),Acrobat PDFMaker 20 voor Word,Adobe PDF Library 20.13.106,Wed Jun 16 16:18:05 2021,Wed Jun 16 16:18:11 2021,yes,none,5,no,,595.26 x 841.86 pts (A4) (rotated 0 degrees),142794 bytes,yes,1.6,
2021-06-16_8b8890d6058f24465456cc410f4262ae_documenten,,,,,ZyLAB PDF export module,ZyLAB PDF export module,Fri May 14 12:50:47 2021,Wed Jun 16 16:02:47 2021,no,AcroForm,72,no,,594.96 x 841.44 pts (rotated 0 degrees),6172282 bytes,yes,1.6,
2021-06-16_8b8890d6058f24465456cc410f4262ae_inventarislijst,,,,Spies. Rink,Microsoft« Excel« 2016,Microsoft« Excel« 2016,Fri Jan 29 15:10:21 2021,Wed Jun 16 16:01:23 2021,yes,none,1,no,,842.04 x 594.96 pts (A4) (rotated 0 degrees),233062 bytes,yes,1.5,
2021-06-16_9904debed27dad3b6d502cc34e7f6e33_besluit-wob-verzoek-dd-18-september-2020-inzake-bik-en-v,,,,,,,Wed Jun 16 18:56:18 2021,Wed Jun 16 18:56:18 2021,no,AcroForm,9,no,,593.3 x 835.9 pts (rotated 0 degrees),4026442 bytes,yes,1.6,
2021-06-16_9904debed27dad3b6d502cc34e7f6e33_bijlage-3-documenten-bij-besluit-bik-en-vpb,,,,,,,Wed Jun 16 18:57:40 2021,Wed Jun 16 18:57:40 2021,no,AcroForm,45,no,,597.6 x 841.45 pts (rotated 0 degrees),17067960 bytes,yes,1.6,
2021-06-16_ff9481e357a59c506fc16db2aab2411a_besluit,,,,Lammers. A (Andrea) (DJZ/PUBLIEK),Acrobat PDFMaker 20 voor Word,Adobe PDF Library 20.13.106,Wed Jun 16 16:04:35 2021,Wed Jun 16 16:04:40 2021,yes,none,5,no,,595.26 x 841.86 pts (A4) (rotated 0 degrees),143784 bytes,yes,1.6,
2021-06-16_ff9481e357a59c506fc16db2aab2411a_documenten,,,,,ZyLAB PDF export module,ZyLAB PDF export module,Fri May 14 12:50:47 2021,Wed Jun 16 16:02:47 2021,no,AcroForm,72,no,,594.96 x 841.44 pts (rotated 0 degrees),6172282 bytes,yes,1.6,
2021-06-16_ff9481e357a59c506fc16db2aab2411a_inventarislijst,,,,Spies. Rink,Microsoft« Excel« 2016,Microsoft« Excel« 2016,Fri Jan 29 15:10:21 2021,Wed Jun 16 16:01:23 2021,yes,none,1,no,,842.04 x 594.96 pts (A4) (rotated 0 degrees),233062 bytes,yes,1.5,
2021-06-17_223faebe294474832f037356bf17b5bc_afspraken-overzicht,,,,,,,,,no,none,3,no,,595.32 x 841.92 pts (A4) (rotated 0 degrees),185466 bytes,yes,1.6,
2021-06-17_223faebe294474832f037356bf17b5bc_getekende-beschikking-met-datum-geredigeerd,,,,,,,,,no,AcroForm,2,no,,592.3 x 840 pts (rotated 0 degrees),406474 bytes,yes,1.6,
2021-06-17_cd7dd85ac9d4ba448977e064b28d5fcc_1-besluit-geanonimiseerd,,,,,Xerox WorkCentre 7556,Xerox WorkCentre 7556,Thu Jun 17 09:02:33 2021,Thu Jun 17 09:10:05 2021,no,none,6,no,,842 x 596 pts (A4) (rotated 270 degrees),270360 bytes,yes,1.4,
2021-06-17_cd7dd85ac9d4ba448977e064b28d5fcc_a-annotaties-tbv-de-ministerraad-en-mcc-19,,,,,Xerox WorkCentre 7556,Xerox WorkCentre 7556,Fri Jun  4 09:56:13 2021,Wed Jun  9 17:47:59 2021,no,AcroForm,13,no,,842 x 596 pts (A4) (rotated 270 degrees),3168547 bytes,yes,1.7,
2021-06-17_cd7dd85ac9d4ba448977e064b28d5fcc_b-inventarislijst-mails,,,,Bregman. mw. K.J.,Microsoft« Word 2010,Microsoft« Word 2010,Thu Jun 17 09:21:39 2021,Thu Jun 17 09:21:39 2021,yes,none,2,no,,595.32 x 841.92 pts (A4) (rotated 0 degrees),106999 bytes,no,1.5,
2021-06-17_cd7dd85ac9d4ba448977e064b28d5fcc_b-mails,,,,,Xerox WorkCentre 7556,Xerox WorkCentre 7556,Wed Jun 16 09:49:57 2021,Wed Jun 16 17:13:18 2021,no,none,47,no,,842 x 596 pts (A4) (rotated 270 degrees),2207566 bytes,yes,1.4,
2021-06-17_cd7dd85ac9d4ba448977e064b28d5fcc_c-sms-berichten-mp-sg,,,,,Xerox WorkCentre 7556,Xerox WorkCentre 7556,Fri Jun  4 09:52:16 2021,Wed Jun  9 18:14:13 2021,no,AcroForm,45,no,,842 x 596 pts (A4) (rotated 270 degrees),39559567 bytes,yes,1.7,
2021-06-17_cd7dd85ac9d4ba448977e064b28d5fcc_d1-sms-berichten-mp-ra,,,,,Xerox WorkCentre 7556,Xerox WorkCentre 7556,Fri Jun  4 09:21:12 2021,Tue Jun 15 16:32:25 2021,no,AcroForm,33,no,,842 x 596 pts (A4) (rotated 270 degrees),2027181 bytes,yes,1.7,
2021-06-17_cd7dd85ac9d4ba448977e064b28d5fcc_d2-sms-berichten-mp-ra,,,,,Xerox WorkCentre 7556,Xerox WorkCentre 7556,Fri Jun  4 09:28:16 2021,Tue Jun 15 16:32:46 2021,no,AcroForm,42,no,,842 x 596 pts (A4) (rotated 270 degrees),2674656 bytes,yes,1.7,
2021-06-17_cd7dd85ac9d4ba448977e064b28d5fcc_d3-sms-berichten-mp-ra,,,,,Xerox WorkCentre 7556,Xerox WorkCentre 7556,Fri Jun  4 09:32:59 2021,Tue Jun 15 16:39:54 2021,no,AcroForm,25,no,,842 x 596 pts (A4) (rotated 270 degrees),1646204 bytes,yes,1.7,
2021-06-17_cd7dd85ac9d4ba448977e064b28d5fcc_d4-sms-berichten-mp-ra,,,,,Xerox WorkCentre 7556,Xerox WorkCentre 7556,Fri Jun  4 09:36:31 2021,Tue Jun 15 16:40:14 2021,no,AcroForm,31,no,,842 x 596 pts (A4) (rotated 270 degrees),2008954 bytes,yes,1.7,
2021-06-17_cd7dd85ac9d4ba448977e064b28d5fcc_d5-sms-berichten-mp-ra,,,,,Xerox WorkCentre 7556,Xerox WorkCentre 7556,Fri Jun  4 09:40:26 2021,Tue Jun 15 16:40:33 2021,no,AcroForm,24,no,,842 x 596 pts (A4) (rotated 270 degrees),1417352 bytes,yes,1.7,
2021-06-17_cd7dd85ac9d4ba448977e064b28d5fcc_d6-sms-berichten-mp-ra,,,,,Xerox WorkCentre 7556,Xerox WorkCentre 7556,Fri Jun  4 13:02:07 2021,Tue Jun 15 16:40:54 2021,no,AcroForm,17,no,,842 x 596 pts (A4) (rotated 270 degrees),1269424 bytes,yes,1.7,
2021-06-18_1f95307518dbf35411b62adbfce7ed15_besluit-wob-verzoek-avondklok,,,,,,,,,no,AcroForm,11,no,,599.05 x 844.8 pts (rotated 0 degrees),4761874 bytes,yes,1.6,
2021-06-18_1f95307518dbf35411b62adbfce7ed15_bijlage-2-bij-besluit-wob-verzoek-avondklok,,,,,OmniPage CSDK 19,Scanning,Tue Jun 15 14:20:22 2021,Tue Jun 15 16:17:06 2021,yes,none,61,no,,599.05 x 844.8 pts (rotated 0 degrees),10761071 bytes,yes,1.7,
2021-06-18_1f95307518dbf35411b62adbfce7ed15_inventarislijst-bij-besluit-wob-verzoek-avondklok,,,,Dongen. M.A. van - BD/DWJZ/JZW,Microsoft« Word 2016,Microsoft« Word 2016,Thu Jun 17 11:18:37 2021,Thu Jun 17 11:18:37 2021,yes,none,1,no,,595.32 x 842.04 pts (A4) (rotated 0 degrees),94894 bytes,no,1.5,
2021-06-22_54b73641825a229e04e5da3cbf89c3e0_besluit,,,,Lammers. A (Andrea) (DJZ/PUBLIEK),Acrobat PDFMaker 20 voor Word,Adobe PDF Library 20.13.106,Tue Jun 22 10:11:23 2021,Tue Jun 22 10:11:27 2021,yes,none,6,no,,595.26 x 841.86 pts (A4) (rotated 0 degrees),152657 bytes,yes,1.6,
2021-06-22_54b73641825a229e04e5da3cbf89c3e0_documenten,,,,,ZyLAB PDF export module,ZyLAB PDF export module,Fri Jun  4 14:53:08 2021,Tue Jun 22 10:04:08 2021,no,AcroForm,103,no,,612 x 792 pts (letter) (rotated 0 degrees),8396850 bytes,yes,1.6,
2021-06-22_54b73641825a229e04e5da3cbf89c3e0_inventarislijst,,,,Verbeek. M (Martijn) (DJZ/PUBLIEK),Microsoft« Excel« 2016,Microsoft« Excel« 2016,Wed Jun  9 10:41:43 2021,Tue Jun 22 10:02:08 2021,yes,none,2,no,,1777.61 x 1256.78 pts (rotated 0 degrees),616367 bytes,yes,1.4,
2021-06-22_8fa815c695a9811628e76705e839dcbc_besluit,,,,,,,Thu May 20 15:06:37 2021,Thu May 20 15:06:37 2021,yes,AcroForm,3,no,,595.2 x 841.6 pts (rotated 0 degrees),197232 bytes,yes,1.7,
2021-06-22_8fa815c695a9811628e76705e839dcbc_deels-openbare-documenten,,,,,FineReader,ZyLAB PDF export module,Thu May 20 14:14:48 2021,Thu May 20 14:19:10 2021,no,AcroForm,36,no,,612 x 792 pts (letter) (rotated 0 degrees),4040653 bytes,yes,1.7,
2021-06-22_8fa815c695a9811628e76705e839dcbc_inventarislijst,,,,Burgers. M.J. (Michel) - HBJZ,Acrobat PDFMaker 20 voor Excel,Adobe PDF Library 20.13.106,Thu May 20 14:31:56 2021,Thu May 20 14:32:54 2021,yes,none,1,no,,595.2 x 841.8 pts (A4) (rotated 0 degrees),68559 bytes,yes,1.6,
2021-06-22_99b444f2eab0dcc4abdb103e31e3908b_besluit-wob-ter-zake-mkba-s-voor-coronabeleid,,,,,,,,,no,AcroForm,44,no,,590.65 x 845.3 pts (rotated 0 degrees),20317943 bytes,yes,1.6,
2021-06-22_e9433af4886d592d60e44362ef90a7cf_besluit,,,,,,,,,no,AcroForm,5,no,,595.2 x 841.8 pts (A4) (rotated 0 degrees),135620 bytes,yes,1.6,
2021-06-22_e9433af4886d592d60e44362ef90a7cf_deels-openbare-documenten,,,,,,,,,no,AcroForm,38,no,,841.92 x 595.32 pts (A4) (rotated 0 degrees),888082 bytes,yes,1.6,
2021-06-22_e9433af4886d592d60e44362ef90a7cf_inventarislijst,,,,Koese-K÷se. S. (Senem) - HBJZ,Acrobat PDFMaker 20 voor Excel,Adobe PDF Library 20.13.106,Wed Jun  9 14:16:45 2021,Wed Jun  9 14:16:49 2021,yes,none,1,no,,991.6 x 1403.4 pts (rotated 0 degrees),70211 bytes,yes,1.6,
2021-06-24_438722eb04bf74450d7efc32afa0d0b9_besluit-op-wob-verzoek-demonstratie-en-verstoringen-open,,,,,,,,,no,AcroForm,12,no,,599.05 x 844.8 pts (rotated 0 degrees),5379738 bytes,yes,1.6,
2021-06-24_438722eb04bf74450d7efc32afa0d0b9_bijlage-2-inventarislijst-wob-besluit,,,,Linden. mr. M. van der - BD/DWJZ/JZW,Microsoft« Word 2016,Microsoft« Word 2016,Tue Jun 22 19:13:47 2021,Tue Jun 22 19:13:47 2021,yes,none,1,no,,595.32 x 841.92 pts (A4) (rotated 0 degrees),87249 bytes,no,1.5,
2021-06-24_ec59d18227ae89899be3f69f57879a60_besluit-op-bezwaar-tegen-het-wob-besluit-over-amvs-in-gr,,,,,,,,,no,AcroForm,10,no,,595.32 x 841.92 pts (A4) (rotated 0 degrees),151712 bytes,yes,1.6,
2021-06-24_ec59d18227ae89899be3f69f57879a60_bijlage-1-inventarislijst-bob,,,,Denkers. dr. J.P. - BD/IJenV/SKB/CKK,Microsoft« Word 2016,Microsoft« Word 2016,Tue Jun 22 15:11:55 2021,Tue Jun 22 15:11:55 2021,yes,none,2,no,,595.32 x 842.04 pts (A4) (rotated 0 degrees),106447 bytes,no,1.5,
2021-06-24_ec59d18227ae89899be3f69f57879a60_bijlage-2-wob-artikelen,,,,Denkers J.P. - BD/DWJZ/WKB,Microsoft« Word 2016,Microsoft« Word 2016,Tue Jun 22 15:12:27 2021,Tue Jun 22 15:12:27 2021,yes,none,2,no,,595.32 x 841.92 pts (A4) (rotated 0 degrees),268065 bytes,no,1.5,
2021-06-24_ec59d18227ae89899be3f69f57879a60_samengevoegde-openbaar-te-maken-stukken-besluit-op-bezwa,,,,,Adobe Acrobat Pro DC 20.13.20074,Adobe Acrobat Pro DC 20.13.20074,Thu Jun 17 10:47:00 2021,Fri Jun 18 12:55:25 2021,yes,none,213,no,,612 x 792 pts (letter) (rotated 0 degrees),134672838 bytes,yes,1.6,
2021-07-06_78c3d4c6be0d1a290637fa8e01cdfbad_eerdere-wob-besluiten-iccb-stukken-en-mccb-stukken,Microsoft Word - Document2,,,AHERTOG,PScript5.dll Version 5.2.2,Acrobat Distiller 20.0 (Windows),Thu Jun 17 08:56:44 2021,Tue Jul  6 11:53:25 2021,yes,AcroForm,131,no,,595.22 x 842 pts (A4) (rotated 0 degrees),28490231 bytes,yes,1.7,
2021-07-06_78c3d4c6be0d1a290637fa8e01cdfbad_inventarislijst-tweede-deelbesluit,Inventarislijst deelbesluit 2 versie 5 juli.xlsx,,,AHERTOG,PScript5.dll Version 5.2.2,Acrobat Distiller 20.0 (Windows),Mon Jul  5 21:45:33 2021,Tue Jul  6 11:52:51 2021,yes,none,3,no,,595.22 x 842 pts (A4) (rotated 90 degrees),177602 bytes,yes,1.6,
2021-07-06_78c3d4c6be0d1a290637fa8e01cdfbad_tweede-deelbesluit-wob-verzoek-aantal-aanwezigen-in-kerk,,,,,PScript5.dll Version 5.2.2,Acrobat Distiller 20.0 (Windows),Tue Jul  6 16:30:49 2021,Tue Jul  6 16:30:49 2021,no,AcroForm,15,no,,595.32 x 841.92 pts (A4) (rotated 0 degrees),257631 bytes,yes,1.6,
2021-07-06_78c3d4c6be0d1a290637fa8e01cdfbad_wob-documenten,,,,,Tesseract,ZyLAB PDF export module,Tue Jul  6 16:39:24 2021,Tue Jul  6 16:39:24 2021,yes,AcroForm,308,no,,594.96 x 841.44 pts (rotated 0 degrees),89003880 bytes,yes,1.7,
2021-07-12_3eb1739eb67fd9a571289bbebf16c4b9_besluit-op-wob-verzoek-coronabeleid-dji,,,,,OmniPage CSDK 19,Scanning,Tue Jun 29 10:06:12 2021,Mon Jul 12 15:50:33 2021,yes,AcroForm,2,no,,599.05 x 844.8 pts (rotated 0 degrees),2942089 bytes,yes,1.7,
2021-07-22_c56dc5bb26e8d3b0380ea41d4f6c8748_besluit-op-uw-wob-verzoek-avondklok,,,,,,,Thu Jul 22 11:14:43 2021,Thu Jul 22 11:16:31 2021,no,AcroForm,6,no,,599.05 x 844.8 pts (rotated 0 degrees),3166286 bytes,yes,1.6,
2021-07-22_c56dc5bb26e8d3b0380ea41d4f6c8748_inventarislijst-avondklok,,,,,OmniPage CSDK 19,Scanning,Thu Jul 15 13:26:51 2021,Thu Jul 22 11:16:41 2021,yes,none,1,no,,844.8 x 599.05 pts (rotated 0 degrees),266780 bytes,yes,1.7,
2021-07-22_c56dc5bb26e8d3b0380ea41d4f6c8748_openbare-stukken-wob-verzoek-juridische-procedure-avondk,,,,,Tesseract,ZyLAB PDF export module,Mon Jul 12 11:26:04 2021,Thu Jul 22 11:16:54 2021,no,none,37,no,,612 x 792 pts (letter) (rotated 0 degrees),4971526 bytes,yes,1.6,
2021-07-23_8e1ada20ffbd0997b2fe44747fc49f19_02-23-re-terugmelding-overleg-ministers-met-klm-en-s-gel,,,,,,,Wed Jul 14 14:08:24 2021,Wed Jul 14 14:08:24 2021,no,AcroForm,2,no,,595 x 841 pts (rotated 0 degrees),63459 bytes,yes,1.6,
2021-07-23_8e1ada20ffbd0997b2fe44747fc49f19_besluit,,,,,,,,,no,AcroForm,3,no,,599.05 x 844.8 pts (rotated 0 degrees),1666749 bytes,yes,1.6,
2021-07-23_8e1ada20ffbd0997b2fe44747fc49f19_inventarislijst,,,,,OmniPage CSDK 19,Scanning,Wed Jul 14 14:10:13 2021,Wed Jul 14 14:11:07 2021,yes,none,13,no,,844.8 x 599.05 pts (rotated 0 degrees),5231950 bytes,yes,1.7,
2021-07-26_3ee644b02189ec45794dd998ac5da5b5_besluit,,,,Lammers. A (Andrea) (DJZ/PUBLIEK),Acrobat PDFMaker 20 voor Word,Adobe PDF Library 20.13.106,Mon Jul 26 11:07:18 2021,Mon Jul 26 11:07:34 2021,yes,none,5,no,,595.26 x 841.86 pts (A4) (rotated 0 degrees),148941 bytes,yes,1.6,
2021-07-26_3ee644b02189ec45794dd998ac5da5b5_documenten,,,,,ZyLAB PDF export module,ZyLAB PDF export module,Wed Jun 30 09:32:51 2021,Mon Jul 26 10:58:33 2021,no,AcroForm,115,no,,960 x 540 pts (rotated 0 degrees),10989785 bytes,yes,1.6,
2021-07-26_3ee644b02189ec45794dd998ac5da5b5_inventarislijst,,,,Spies. Rink,Microsoft« Excel« 2016,Microsoft« Excel« 2016,Tue Jun 29 17:53:40 2021,Mon Jul 26 10:57:41 2021,yes,AcroForm,1,no,,1859.25 x 2631.37 pts (rotated 0 degrees),481191 bytes,yes,1.5,
2021-07-26_f5c3fd7acf596f8df50bcda7303a0b70_besluit,,,,,OmniPage CSDK 19,Scanning,Tue Aug 18 10:42:23 2020,Tue Aug 18 10:43:27 2020,yes,none,8,no,,599.05 x 844.8 pts (rotated 0 degrees),1886941 bytes,yes,1.7,
2021-07-26_f5c3fd7acf596f8df50bcda7303a0b70_bijlagen,,,,,OmniPage CSDK 19,Scanning,Tue Aug 18 10:33:31 2020,Tue Aug 18 10:33:31 2020,yes,none,31,no,,599.05 x 844.8 pts (rotated 0 degrees),4549807 bytes,yes,1.7,
2021-07-27_c8ac2523e330bab1b6b562f8713764b3_besluit-tot-openbaarmaking-van-informatie-over-iva,,,,,OmniPage CSDK 19,Scanning,Mon Jul 26 08:42:00 2021,Mon Jul 26 08:46:27 2021,yes,none,34,no,,599.05 x 844.8 pts (rotated 0 degrees),4186237 bytes,yes,1.7,
2021-07-27_c8ac2523e330bab1b6b562f8713764b3_bijlagen-bij-besluit-tot-openbaarmaking-van-informatie-o,,,,,FineReader,ZyLAB PDF export module,Thu Jul 15 11:46:54 2021,Mon Jul 19 08:21:27 2021,no,AcroForm,729,no,,612 x 792 pts (letter) (rotated 0 degrees),258470358 bytes,no,1.6,Syntax Warning: Bad annotation destination | 
2021-07-27_d0a3da65f9764d0d423718e662182c11_besluit-wob-verzoek-apotex-bijlage-1-en-2,,,,,,,,,no,AcroForm,32,no,,599.05 x 840.95 pts (rotated 0 degrees),10321886 bytes,yes,1.6,
2021-07-27_d0a3da65f9764d0d423718e662182c11_bijlage-3,,,,,,,Thu Jul 22 13:36:24 2021,Thu Jul 22 13:36:24 2021,no,AcroForm,226,no,,595.22 x 842 pts (A4) (rotated 0 degrees),13205316 bytes,yes,1.6,
2021-08-04_f38ebe070e06430b0c2793fd3fe8801b_besluit-wob-verzoek-dd12-oktober-2020-inzake-notities-be,,,,,,,,,no,AcroForm,289,no,,592.3 x 846 pts (rotated 0 degrees),47067031 bytes,yes,1.6,
2021-08-05_4991dc6aed6e1369f58e6bc1996d5e2d_besluit-wob-verzoek-dd-9-juni-2020-inzake-contact-met-he,,,,,,,,,no,AcroForm,9,no,,599.05 x 844.8 pts (rotated 0 degrees),4498283 bytes,yes,1.6,
2021-08-05_4991dc6aed6e1369f58e6bc1996d5e2d_inventarislijst-wob-verzoek-9-juni-2020-inzake-contact-m,,,,,,,,,no,none,36,no,,595.32 x 841.92 pts (A4) (rotated 0 degrees),376600 bytes,yes,1.6,
2021-08-05_4991dc6aed6e1369f58e6bc1996d5e2d_paginas-van-samengevoegd-document-850-paginas-met-uitges,,,,,,,,,no,AcroForm,170,no,,595.32 x 841.92 pts (A4) (rotated 0 degrees),42486578 bytes,yes,1.6,
2021-08-16_17967f10340f6de2a79ba984209b4a2c_besluit,,,,Acer. N (Nilgⁿn) (DJZ/WOB),Microsoft« Word 2016,Microsoft« Word 2016,Mon Aug 16 14:45:20 2021,Mon Aug 16 15:09:52 2021,yes,none,3,no,,595.2 x 841.6 pts (rotated 0 degrees),141712 bytes,yes,1.6,
2021-09-01_d0fab54975f9caaec53a4c6e3ad57648_besluit-wob-verzoek-dd-31-maart-2021-inzake-productie-va,,,,,,,,,no,AcroForm,23,no,,599.04 x 844.8 pts (rotated 0 degrees),3950067 bytes,yes,1.6,
2021-09-01_eb49db950c55a1adcdbd5cc7f6b2a6de_besluit,,,,Lammers. A (Andrea) (DJZ/WOB),Acrobat PDFMaker 21 voor Word,Adobe PDF Library 21.1.182,Wed Sep  1 10:29:35 2021,Wed Sep  1 10:29:37 2021,yes,none,3,no,,595.26 x 841.86 pts (A4) (rotated 0 degrees),105671 bytes,yes,1.6,
2021-09-03_ac1b0066de078a580f45adf952e7765d_besluit-op-bezwaar-wob-persconferenties-na-uitspraak-rec,,,,,,,,,no,AcroForm,8,no,,599.05 x 844.8 pts (rotated 0 degrees),3996651 bytes,yes,1.6,
2021-09-03_ac1b0066de078a580f45adf952e7765d_documenten-bij-wob-herstelbesluit-persconferenties,,,,,,,Fri Sep  3 09:45:32 2021,Fri Sep  3 09:45:32 2021,no,AcroForm,17,no,,595.32 x 842.04 pts (A4) (rotated 0 degrees),348013 bytes,yes,1.6,
2021-09-03_b752f2f8f1fc2db6fe146785b4b521a3_01-iao-jan-en-feb,,,,,,,,,no,none,118,no,,595.32 x 841.92 pts (A4) (rotated 0 degrees),19834582 bytes,yes,1.6,
2021-09-03_b752f2f8f1fc2db6fe146785b4b521a3_02-iao-maart,,,,,,,Thu Sep  2 20:42:26 2021,Thu Sep  2 20:42:26 2021,no,none,686,no,,595.32 x 841.92 pts (A4) (rotated 0 degrees),69325138 bytes,yes,1.6,
2021-09-03_b752f2f8f1fc2db6fe146785b4b521a3_03-iao-april,,,,,,,,,no,AcroForm,1481,no,,595.32 x 841.92 pts (A4) (rotated 0 degrees),279516447 bytes,yes,1.7,
2021-09-03_b752f2f8f1fc2db6fe146785b4b521a3_04-iao-mei,,,,,,,,,no,AcroForm,1138,no,,595.32 x 841.92 pts (A4) (rotated 0 degrees),186033378 bytes,yes,1.6,
2021-09-03_b752f2f8f1fc2db6fe146785b4b521a3_05-iao-juni,,,,,,,,,no,none,819,no,,595.32 x 841.92 pts (A4) (rotated 0 degrees),165158350 bytes,yes,1.6,
2021-09-03_b752f2f8f1fc2db6fe146785b4b521a3_besluit-wob-iao-covid-19,,,,,,,,,no,AcroForm,8,no,,599.05 x 844.8 pts (rotated 0 degrees),2577948 bytes,yes,1.6,
2021-09-03_b752f2f8f1fc2db6fe146785b4b521a3_bijlage-1-relevante-artikelen-uit-de-wob,,,,,,,,,yes,none,2,no,,595.32 x 842.04 pts (A4) (rotated 0 degrees),90946 bytes,yes,1.6,
2021-09-03_b752f2f8f1fc2db6fe146785b4b521a3_bijlage-2-iao-inventarislijst,,,,,,,,,no,none,9,no,,841.92 x 595.32 pts (A4) (rotated 0 degrees),4497002 bytes,yes,1.6,
2021-09-14_b94e37a9ec63bab6641ff1f07e69d4ea_besluit-op-wob-verzoek-dd-22-juli-2021-inzake-kosten-en-,,,,,,,,,no,AcroForm,4,no,,595.32 x 841.92 pts (A4) (rotated 0 degrees),461440 bytes,yes,1.6,
2021-09-20_aeeca81933bd364431043daf14635f3a_covid-19-wob-besluit-inzake-communicatiebeleid-covid-19-,,,,,,,,,yes,AcroForm,41,no,,595.9 x 847.7 pts (rotated 0 degrees),18838119 bytes,yes,1.7,
2021-09-21_d2cd89fed32b99f5794b24dabef1f43b_besluit-dd-2-juli-2020-inzake-financiele-staatsteun-klm,,,,,,,,,no,AcroForm,3,no,,599.04 x 844.8 pts (rotated 0 degrees),1343994 bytes,yes,1.6,
2021-09-21_d3581109c8c5876da8795f87eb424634_besluit-wob-verzoek-dd-11-juni-2021-inzake-uitgezonderde,,,,,,,Tue Sep 21 16:01:26 2021,Tue Sep 21 16:01:26 2021,no,AcroForm,11,no,,595.32 x 841.92 pts (A4) (rotated 0 degrees),1130873 bytes,yes,1.6,
2021-09-21_d3581109c8c5876da8795f87eb424634_documenten-wob-verzoek-dd-11-juni-2021-inzake-uitgezonde,,,,,,,Tue Sep 21 15:54:08 2021,Tue Sep 21 15:54:08 2021,no,AcroForm,247,no,,595.115 x 842.018 pts (A4) (rotated 0 degrees),45324068 bytes,yes,1.6,
2021-09-21_d3581109c8c5876da8795f87eb424634_inventarislijst-wob-verzoek-dd-11-juni-2021-inzake-uitge,Inventarislijst Wob-verzoek detailhandel.xlsx,,,,,Microsoft: Print To PDF,Mon Sep 13 08:50:36 2021,Tue Sep 21 14:31:28 2021,no,none,5,no,,841.92 x 595.32 pts (A4) (rotated 0 degrees),505944 bytes,yes,1.7,
2021-09-23_ead1c275659a6b2ed2b8415e2c119d76_besluit-op-wob-verzoek-inzake-communicatiebeleid-covid-1,,,,,Xerox WorkCentre 7556,Xerox WorkCentre 7556,Thu Sep 16 13:37:30 2021,Thu Sep 23 10:29:55 2021,no,AcroForm,26,no,,842 x 596 pts (A4) (rotated 270 degrees),1748820 bytes,yes,1.7,
2021-10-04_2c4079ccaad78e8d2cb494681ae79928_besluit-wob-verzoek-notities-besluitvorming-coronacrisis,,,,,,,,,no,AcroForm,11,no,,595.32 x 841.92 pts (A4) (rotated 0 degrees),580156 bytes,yes,1.7,
2021-10-04_2c4079ccaad78e8d2cb494681ae79928_inventarislijst-wob-verzoek-notities-besluitvorming-coro,LNV Inventarislijst Wob-verzoek Catshuissessies.xlsx,,,BuiterP,,Microsoft: Print To PDF,Tue May 18 16:37:30 2021,Tue May 18 16:37:30 2021,no,none,1,no,,841.92 x 595.32 pts (A4) (rotated 0 degrees),359287 bytes,no,1.7,
2021-10-04_2c4079ccaad78e8d2cb494681ae79928_stukken-bij-besluit-wob-verzoek-notities-besluitvorming-,,,,,,,Wed Oct  6 12:55:52 2021,Wed Oct  6 12:55:52 2021,yes,AcroForm,83,no,,592.8 x 841.7 pts (rotated 0 degrees),5441524 bytes,yes,1.7,
2021-10-04_cc88761bb30f2a23117493a36a71dbac_besluit-wob-verzoek-halix-mondkapjes-en-hulptroepen,,,,,,,,,no,AcroForm,4,no,,842 x 596 pts (A4) (rotated 270 degrees),832602 bytes,yes,1.6,
2021-10-04_cc88761bb30f2a23117493a36a71dbac_bijlage-bij-besluit-wob-verzoek-halix-mondkapjes-en-hulp,,,,,,,,,no,AcroForm,66,no,,842 x 596 pts (A4) (rotated 270 degrees),21526190 bytes,no,1.6,
2021-10-05_0272cdb141e62321341591f0959794a2_derde-deelbesluit-aantal-aanwezigen-in-kerken,,,,,PScript5.dll Version 5.2.2,Acrobat Distiller 21.0 (Windows),Tue Oct  5 10:57:17 2021,Tue Oct  5 12:53:32 2021,no,AcroForm,11,no,,599.05 x 844.8 pts (rotated 0 degrees),6543464 bytes,yes,1.6,
2021-10-05_0272cdb141e62321341591f0959794a2_inventarislijst,,,,,PScript5.dll Version 5.2.2,Acrobat Distiller 21.0 (Windows),Sun Oct  3 21:26:25 2021,Tue Oct  5 12:40:31 2021,no,none,3,no,,595.22 x 842 pts (A4) (rotated 90 degrees),172385 bytes,yes,1.6,
2021-10-05_0272cdb141e62321341591f0959794a2_wob-documenten,,,,,Tesseract,ZyLAB PDF export module,Tue Oct  5 14:09:47 2021,Tue Oct  5 14:09:47 2021,no,AcroForm,1449,no,,612 x 792 pts (letter) (rotated 0 degrees),825741204 bytes,yes,1.6,
2021-10-12_af354e4966a914add60d84129ac68740_deelbesluit-2-wob-verzoek-dd-26-10-2020-vion-groep,,,,,,,Tue Oct 19 10:40:17 2021,Tue Oct 19 10:40:17 2021,yes,AcroForm,11,no,,595.32 x 841.92 pts (A4) (rotated 0 degrees),267043 bytes,yes,1.7,
2021-10-12_af354e4966a914add60d84129ac68740_documenten-bij-deelbesluit-2,,,,,,,Mon Oct 11 13:26:45 2021,Tue Oct 19 10:28:18 2021,yes,AcroForm,200,no,,595 x 842 pts (A4) (rotated 0 degrees),23926342 bytes,yes,1.7,
2021-10-12_af354e4966a914add60d84129ac68740_inventarislijst-deelbesluit-2,Inventarislijst Wob-verzoek VION-groep (deelbesluit 2) 1.1.xlsx,,,,,Microsoft: Print To PDF,Mon Sep 27 12:59:16 2021,Tue Oct 19 10:27:53 2021,no,none,5,no,,841.92 x 595.32 pts (A4) (rotated 0 degrees),405956 bytes,yes,1.7,
2021-10-15_f302ea548db6360a784e8a5e365efe3e_besluit-op-wob-verzoek-over-de-televisietoespraak-van-16,,,,,Xerox WorkCentre 7556,Xerox WorkCentre 7556,Thu Oct 14 11:20:22 2021,Fri Oct 15 14:40:58 2021,no,AcroForm,6,no,,842 x 596 pts (A4) (rotated 270 degrees),493234 bytes,yes,1.7,
2021-10-15_f34f76aa8f6f74f87417751b46110a76_wob-besluit-op-verzoek-over-de-tijdelijke-wet-maatregele,,,,,Xerox WorkCentre 7556,Xerox WorkCentre 7556,Fri Oct 15 11:11:56 2021,Fri Oct 15 11:26:36 2021,no,AcroForm,1,no,,842 x 596 pts (A4) (rotated 270 degrees),156075 bytes,yes,1.7,
2021-10-19_70efcade2f4827654ed8e7908deb4f3c_besluit-wob-verzoek-aangaande-digitale-middelen-in-de-pe,,,,,OmniPage CSDK 19,Scanning,Thu Oct 14 10:07:50 2021,Thu Oct 14 10:07:50 2021,yes,none,10,no,,599.05 x 844.8 pts (rotated 0 degrees),2858148 bytes,no,1.7,
2021-10-19_70efcade2f4827654ed8e7908deb4f3c_bijlagen-bij-wob-verzoek-aangaande-digitale-middelen-in-,,,,,OmniPage CSDK 19,Scanning,Wed Oct 13 16:13:44 2021,Wed Oct 13 16:13:44 2021,yes,none,85,no,,599.05 x 844.8 pts (rotated 0 degrees),12872775 bytes,no,1.7,
2021-10-19_8a676a3415d986008b02572cb9310894_besluit-covid-19-suriname-inclusief-inventarisatielijst,,,,,,,Thu Oct 14 12:56:38 2021,Thu Oct 14 12:56:38 2021,no,AcroForm,12,no,,595.2 x 841.8 pts (A4) (rotated 0 degrees),957251 bytes,yes,1.6,
2021-10-19_8a676a3415d986008b02572cb9310894_binder-openbaar-te-maken-stukken-inclusief-appjes,,,,,FineReader,ZyLAB PDF export module,Thu Sep 16 15:47:59 2021,Thu Sep 16 15:48:21 2021,no,AcroForm,295,no,,595.08 x 841.68 pts (rotated 0 degrees),95239644 bytes,yes,1.6,
2021-10-20_3fa52482438ed25b69b0be300baaf3c0_besluit,,,,Wolf. RL (Rosa) de (DJZ/WOB),Microsoft« Word 2016,Microsoft« Word 2016,Tue Oct 19 10:33:25 2021,Wed Oct 20 15:18:31 2021,yes,none,7,no,,595.2 x 841.8 pts (A4) (rotated 0 degrees),200727 bytes,yes,1.5,
2021-10-20_3fa52482438ed25b69b0be300baaf3c0_documenten,,,,,ZyLAB PDF export module,ZyLAB PDF export module,Tue Oct 12 14:19:35 2021,Wed Oct 20 15:21:30 2021,no,AcroForm,393,no,,594.96 x 841.44 pts (rotated 0 degrees),52091835 bytes,yes,1.6,
2021-10-20_3fa52482438ed25b69b0be300baaf3c0_inventarislijst,Bijlage 3 - Inventarislijst.xlsm,,,STRALEN,PScript5.dll Version 5.2.2,Acrobat Distiller 21.0 (Windows),Wed Oct 13 13:34:47 2021,Wed Oct 20 15:20:38 2021,no,none,3,no,,595.22 x 842 pts (A4) (rotated 90 degrees),113555 bytes,yes,1.6,
2021-10-21_439285231fa523a74c430da4a2704fab_besluit,,,,,,,,,no,AcroForm,7,no,,595.2 x 841.8 pts (A4) (rotated 0 degrees),62709 bytes,yes,1.6,
2021-10-21_439285231fa523a74c430da4a2704fab_deels-openbare-documenten,,,,,,,,,no,AcroForm,276,no,,595.32 x 842.04 pts (A4) (rotated 0 degrees),20036138 bytes,yes,1.6,
2021-10-21_439285231fa523a74c430da4a2704fab_inventarislijst,,,,Koese-K÷se. S. (Senem) - HBJZ,Acrobat PDFMaker 21 voor Excel,Adobe PDF Library 21.1.182,Fri Oct 15 13:24:12 2021,Fri Oct 15 13:44:56 2021,yes,none,1,no,,2833.14 x 4009.71 pts (rotated 0 degrees),147568 bytes,yes,1.6,
2021-11-03_54deb5f3a8f0c98e065e8939304d1a78_bijlagen-bij-wob-deelbesluit-aangaande-besmettelijkheid-,,,,,Tesseract,ZyLAB PDF export module,Fri Oct 29 15:38:16 2021,Fri Oct 29 15:38:16 2021,no,AcroForm,96,no,,612 x 792 pts (letter) (rotated 0 degrees),28711347 bytes,yes,1.7,
2021-11-03_54deb5f3a8f0c98e065e8939304d1a78_wob-deelbesluit-aangaande-besmettelijkheid-kinderen-in-d,,,,,OmniPage CSDK 19,Scanning,Wed Nov  3 11:27:31 2021,Wed Nov  3 11:27:31 2021,yes,none,8,no,,599.05 x 844.8 pts (rotated 0 degrees),2033484 bytes,no,1.7,
2021-11-08_306d4b337a5d407eb00c8845884c82fd_rivm-maart-2020-documenten,,,,,FineReader,ZyLAB PDF export module,Tue Nov  2 16:32:01 2021,Tue Nov  2 16:32:01 2021,no,none,4910,no,,612 x 792 pts (letter) (rotated 0 degrees),1301644228 bytes,yes,1.6,
2021-11-08_306d4b337a5d407eb00c8845884c82fd_wob-deelbesluit-aangaande-het-rivm-in-de-periode-van-maa,,,,,OmniPage CSDK 19,Scanning,Thu Nov  4 09:50:47 2021,Thu Nov  4 09:51:59 2021,yes,none,89,no,,599.05 x 844.8 pts (rotated 0 degrees),20137924 bytes,yes,1.7,
2021-11-08_c4b89b0939b38dd79efd496ba963dfc4_bijlage-b-bij-wob-deelbesluit-overleggen-vws-maart-2020,,,,Alten. T.J. van (Tim),Microsoft« Word 2016,Microsoft« Word 2016,Fri Nov  5 19:29:12 2021,Fri Nov  5 19:29:12 2021,yes,none,8,no,,595.32 x 842.04 pts (A4) (rotated 0 degrees),275300 bytes,no,1.5,
2021-11-08_c4b89b0939b38dd79efd496ba963dfc4_bijlagen-bij-wob-deelbesluit-aangaande-overleggen-vws-in,,,,,FineReader,ZyLAB PDF export module,Mon Nov  1 13:39:05 2021,Fri Nov  5 19:06:21 2021,no,AcroForm,367,no,,841.44 x 594.96 pts (rotated 0 degrees),155958523 bytes,yes,1.7,
2021-11-08_c4b89b0939b38dd79efd496ba963dfc4_wob-deelbesluit-aangaande-overleggen-vws-in-de-periode-v,,,,,OmniPage CSDK 19,Scanning,Thu Nov  4 10:01:10 2021,Thu Nov  4 10:01:10 2021,yes,none,8,no,,599.05 x 844.8 pts (rotated 0 degrees),2131648 bytes,no,1.7,
2021-11-09_47e9f21007af9e0da0634f801cdd8667_bijlage-b-inventarislijst-wob-verzoek-scenarios-en-maatr,Inventarislijst Wob-verzoek Scenario's en Maatregelen Maart 2020.xlsx,,,HOLLANDERT,PScript5.dll Version 5.2.2,Acrobat Distiller 20.0 (Windows),Tue Sep 28 15:46:03 2021,Tue Sep 28 15:46:03 2021,no,none,113,no,,595.22 x 842 pts (A4) (rotated 90 degrees),370986 bytes,yes,1.6,
2021-11-09_47e9f21007af9e0da0634f801cdd8667_bijlagen-bij-wob-deelbesluit-aangaande-scenarios-en-maat,,,,,FineReader,ZyLAB PDF export module,Wed Nov  3 16:21:19 2021,Wed Nov  3 16:21:19 2021,no,none,2176,no,,595.44 x 841.92 pts (A4) (rotated 0 degrees),745854806 bytes,yes,1.6,
2021-11-09_47e9f21007af9e0da0634f801cdd8667_wob-deelbesluit-aangaande-scenarios-en-maatregelen-in-de,,,,,OmniPage CSDK 19,Scanning,Tue Nov  9 08:20:18 2021,Tue Nov  9 08:20:18 2021,yes,none,9,no,,599.05 x 844.8 pts (rotated 0 degrees),2518222 bytes,no,1.7,
2021-11-10_6873804cd27a4c08c9e1c257c0a251f5_bijlage-bij-wob-besluit-over-domeinnaam-coronacheck,,,,,,,,,no,AcroForm,37,no,,612 x 792 pts (letter) (rotated 0 degrees),5168087 bytes,yes,1.6,
2021-11-10_6873804cd27a4c08c9e1c257c0a251f5_wob-besluit-over-domeinnaam-coronacheck,,,,,,,Wed Nov 10 16:37:41 2021,Wed Nov 10 16:37:41 2021,no,AcroForm,3,no,,599.05 x 844.8 pts (rotated 0 degrees),891710 bytes,no,1.6,
2021-11-16_0335b3f498dbbd7c537ad23abe8c08dc_2-inventarislijst-wob-verzoek-11-08-2021-inzake-het-euro,,,,,,,,,no,none,10,no,,841.92 x 595.32 pts (A4) (rotated 0 degrees),1616569 bytes,yes,1.7,
2021-11-16_0335b3f498dbbd7c537ad23abe8c08dc_3-stukken-wob-verzoek-europees-herstelfonds-deel-1,,,,,,,,,no,AcroForm,106,no,,596.15 x 838.1 pts (rotated 0 degrees),21956439 bytes,yes,1.6,
2021-11-16_0335b3f498dbbd7c537ad23abe8c08dc_3-stukken-wob-verzoek-europees-herstelfonds-deel-2,,,,,,,,,no,AcroForm,87,no,,595.7 x 841.7 pts (rotated 0 degrees),16327435 bytes,yes,1.6,
2021-11-16_0335b3f498dbbd7c537ad23abe8c08dc_3-stukken-wob-verzoek-europees-herstelfonds-deel-3,,,,,,,,,no,AcroForm,82,no,,595.32 x 841.92 pts (A4) (rotated 0 degrees),26805004 bytes,yes,1.6,
2021-11-16_0335b3f498dbbd7c537ad23abe8c08dc_3-stukken-wob-verzoek-europees-herstelfonds-deel-4,,,,,,,,,no,AcroForm,82,no,,595.2 x 835.2 pts (rotated 0 degrees),21480849 bytes,yes,1.6,
2021-11-16_0335b3f498dbbd7c537ad23abe8c08dc_3-stukken-wob-verzoek-europees-herstelfonds-deel-5,,,,,,,,,no,AcroForm,72,no,,595.32 x 841.92 pts (A4) (rotated 0 degrees),19699274 bytes,yes,1.6,
2021-11-16_0335b3f498dbbd7c537ad23abe8c08dc_deelbesluit-1-wob-verzoek-dd-11-augustus-2021-inzake-het,,,,,,,,,no,AcroForm,13,no,,595.32 x 841.92 pts (A4) (rotated 0 degrees),342282 bytes,yes,1.6,
2021-11-16_7632148924fdc61f4d23c0bc96a61706_bijlage-iii-deelbesluit-1-wob-verzoek-europees-herstelfo,,,,,FineReader,ZyLAB PDF export module,Tue Nov 16 13:04:09 2021,Tue Nov 16 13:04:09 2021,no,none,335,no,,842.04 x 595.08 pts (A4) (rotated 0 degrees),32957490 bytes,yes,1.6,
2021-11-16_7632148924fdc61f4d23c0bc96a61706_deelbesluit-1-wob-verzoek-europees-herstelfonds,Besluit inzake WOB-verzoek Witteman (EU herstelfonds),,,Hermans. Wesley,Acrobat PDFMaker 21 for Word,Adobe PDF Library 21.1.182,Tue Nov 16 12:06:35 2021,Tue Nov 16 12:49:32 2021,yes,none,14,no,,595.32 x 841.92 pts (A4) (rotated 0 degrees),405950 bytes,yes,1.6,
2021-11-16_dc034afbaede3d587451c7062fd857e7_b1-inventarislijst-eu-en-b2-inventarislijst-nationaal,,,,KEGEL,PScript5.dll Version 5.2.2,Acrobat Distiller 21.0 (Windows),Tue Nov 16 12:33:17 2021,Tue Nov 16 12:33:17 2021,no,AcroForm,6,no,,595.22 x 842 pts (A4) (rotated 90 degrees),121728 bytes,yes,1.6,
2021-11-16_dc034afbaede3d587451c7062fd857e7_besluit,,,,Wolf. RL (Rosa) de (DJZ/WOB),Acrobat PDFMaker 21 voor Word,Adobe PDF Library 21.1.182,Tue Nov 16 12:28:16 2021,Tue Nov 16 12:28:20 2021,yes,none,9,no,,595.26 x 841.86 pts (A4) (rotated 0 degrees),194548 bytes,yes,1.6,
2021-11-16_dc034afbaede3d587451c7062fd857e7_bijlage-c1-openbaar-te-maken-documenten-eu,,,,,FineReader,ZyLAB PDF export module,Mon Nov  8 23:48:46 2021,Mon Nov  8 23:48:46 2021,no,none,57,no,,978.72 x 691.68 pts (rotated 0 degrees),13678975 bytes,yes,1.6,
2021-11-16_dc034afbaede3d587451c7062fd857e7_bijlage-c2-openbaar-te-maken-documenten-nationaal,,,,,FineReader,ZyLAB PDF export module,Wed Nov 10 21:18:35 2021,Tue Nov 16 10:23:07 2021,no,AcroForm,80,no,,599.04 x 844.56 pts (rotated 0 degrees),26717696 bytes,no,1.7,
2021-11-19_e7585aa7d711218e2e7ffa8d3388d08a_deel-1-totaal-set-documenten-wob-verzoek-productie-mondk,,,,,,,Thu Nov 25 11:38:38 2021,Mon Nov 29 15:01:04 2021,no,AcroForm,230,no,,595.32 x 841.92 pts (A4) (rotated 0 degrees),30390100 bytes,yes,1.6,
2021-11-19_e7585aa7d711218e2e7ffa8d3388d08a_deel-2-totaal-set-documenten-wob-verzoek-productie-mondk,,,,,,,Thu Nov 25 11:41:16 2021,Thu Nov 25 11:57:15 2021,no,AcroForm,231,no,,595.32 x 841.92 pts (A4) (rotated 0 degrees),28834072 bytes,yes,1.6,
2021-11-19_e7585aa7d711218e2e7ffa8d3388d08a_deel-3-totaal-set-documenten-wob-verzoek-productie-mondk,,,,,,,Thu Nov 25 11:46:10 2021,Thu Nov 25 11:55:45 2021,no,AcroForm,229,no,,595.32 x 841.92 pts (A4) (rotated 0 degrees),30497669 bytes,yes,1.6,
2021-11-19_e7585aa7d711218e2e7ffa8d3388d08a_deel-4-totaal-set-documenten-wob-verzoek-productie-mondk,,,,,,,Thu Nov 25 11:26:40 2021,Thu Nov 25 11:52:11 2021,no,AcroForm,235,no,,595.32 x 841.92 pts (A4) (rotated 0 degrees),28935005 bytes,yes,1.6,
2021-11-19_e7585aa7d711218e2e7ffa8d3388d08a_inventarislijst-wob-verzoek-2-juni-2021-productie-mondka,,,,,Acrobat PDFMaker 21 voor Excel,Adobe PDF Library 21.5.92,Wed Nov 17 08:22:18 2021,Mon Nov 29 15:04:14 2021,yes,AcroForm,16,no,,841.92 x 595.32 pts (A4) (rotated 0 degrees),265613 bytes,yes,1.6,
2021-11-19_e7585aa7d711218e2e7ffa8d3388d08a_wob-besluit-verzoek-2-juni-2021-productie-mondkapjes,,,,,,,Mon Nov 29 14:59:39 2021,Mon Nov 29 14:59:39 2021,no,AcroForm,7,no,,595.7 x 846 pts (rotated 0 degrees),3265432 bytes,yes,1.6,
2021-11-22_5d03dc8b8621ea5e53ad6fe7b44c8533_bijlage-4-inventarislijst-deelbesluit-1,Bijlage 2 Inventarislijst Deelbesluit 1,,,,PDFCreator Version 1.7.2,GPL Ghostscript 9.10,Fri Oct 29 15:03:27 2021,Fri Oct 29 16:11:49 2021,no,AcroForm,4,no,,595 x 842 pts (A4) (rotated 90 degrees),68222 bytes,no,1.4,
2021-11-22_5d03dc8b8621ea5e53ad6fe7b44c8533_eerste-deelbesluit-op-wob-verzoek-over-corona-op-scholen,,,,,OmniPage CSDK 19,Scanning,Thu Nov 18 14:34:50 2021,Thu Nov 18 14:34:50 2021,yes,none,16,no,,599.05 x 840.95 pts (rotated 0 degrees),3143622 bytes,no,1.7,
2021-11-22_5d03dc8b8621ea5e53ad6fe7b44c8533_wob-verzoek-inz-coronamaatregelen-op-scholen-1,,,,,OmniPage CSDK 19,Scanning,Thu Nov 11 11:33:10 2021,Thu Nov 11 11:54:24 2021,yes,none,28,no,,599.05 x 840.95 pts (rotated 0 degrees),6226276 bytes,yes,1.7,
2021-11-22_5d03dc8b8621ea5e53ad6fe7b44c8533_wob-verzoek-inz-coronamaatregelen-op-scholen-10,,,,,OmniPage CSDK 19,Scanning,Thu Nov 11 11:48:23 2021,Thu Nov 11 12:02:45 2021,yes,none,48,no,,599.05 x 840.95 pts (rotated 0 degrees),8001904 bytes,yes,1.7,
2021-11-22_5d03dc8b8621ea5e53ad6fe7b44c8533_wob-verzoek-inz-coronamaatregelen-op-scholen-11,,,,,OmniPage CSDK 19,Scanning,Thu Nov 11 11:51:45 2021,Thu Nov 11 12:03:24 2021,yes,none,38,no,,599.05 x 840.95 pts (rotated 0 degrees),7994699 bytes,yes,1.7,
2021-11-22_5d03dc8b8621ea5e53ad6fe7b44c8533_wob-verzoek-inz-coronamaatregelen-op-scholen-12,,,,,OmniPage CSDK 19,Scanning,Thu Nov 11 11:51:48 2021,Thu Nov 11 12:03:47 2021,yes,none,60,no,,599.05 x 840.95 pts (rotated 0 degrees),14675445 bytes,yes,1.7,
2021-11-22_5d03dc8b8621ea5e53ad6fe7b44c8533_wob-verzoek-inz-coronamaatregelen-op-scholen-13,,,,,OmniPage CSDK 19,Scanning,Thu Nov 11 11:53:49 2021,Thu Nov 11 12:04:30 2021,yes,none,74,no,,599.05 x 840.95 pts (rotated 0 degrees),17012181 bytes,yes,1.7,
2021-11-22_5d03dc8b8621ea5e53ad6fe7b44c8533_wob-verzoek-inz-coronamaatregelen-op-scholen-14,,,,,OmniPage CSDK 19,Scanning,Thu Nov 11 11:57:17 2021,Thu Nov 11 12:04:57 2021,yes,none,44,no,,599.05 x 840.95 pts (rotated 0 degrees),12354754 bytes,yes,1.7,
2021-11-22_5d03dc8b8621ea5e53ad6fe7b44c8533_wob-verzoek-inz-coronamaatregelen-op-scholen-15,,,,,OmniPage CSDK 19,Scanning,Thu Nov 11 12:00:35 2021,Thu Nov 11 12:05:27 2021,yes,none,44,no,,599.05 x 840.95 pts (rotated 0 degrees),9652578 bytes,yes,1.7,
2021-11-22_5d03dc8b8621ea5e53ad6fe7b44c8533_wob-verzoek-inz-coronamaatregelen-op-scholen-16,,,,,OmniPage CSDK 19,Scanning,Thu Nov 11 11:59:59 2021,Thu Nov 11 12:06:11 2021,yes,none,64,no,,599.05 x 840.95 pts (rotated 0 degrees),17978078 bytes,yes,1.7,
2021-11-22_5d03dc8b8621ea5e53ad6fe7b44c8533_wob-verzoek-inz-coronamaatregelen-op-scholen-17,,,,,OmniPage CSDK 19,Scanning,Thu Nov 11 12:00:53 2021,Thu Nov 11 12:06:48 2021,yes,none,64,no,,599.05 x 840.95 pts (rotated 0 degrees),12778393 bytes,yes,1.7,
2021-11-22_5d03dc8b8621ea5e53ad6fe7b44c8533_wob-verzoek-inz-coronamaatregelen-op-scholen-18,,,,,OmniPage CSDK 19,Scanning,Thu Nov 11 12:03:23 2021,Thu Nov 11 12:07:22 2021,yes,none,34,no,,599.05 x 840.95 pts (rotated 0 degrees),7651176 bytes,yes,1.7,
2021-11-22_5d03dc8b8621ea5e53ad6fe7b44c8533_wob-verzoek-inz-coronamaatregelen-op-scholen-19,,,,,OmniPage CSDK 19,Scanning,Thu Nov 11 12:04:19 2021,Thu Nov 11 12:08:06 2021,yes,none,56,no,,599.05 x 840.95 pts (rotated 0 degrees),12084825 bytes,yes,1.7,
2021-11-22_5d03dc8b8621ea5e53ad6fe7b44c8533_wob-verzoek-inz-coronamaatregelen-op-scholen-2,,,,,OmniPage CSDK 19,Scanning,Thu Nov 11 11:36:19 2021,Thu Nov 11 11:54:59 2021,yes,none,40,no,,599.05 x 840.95 pts (rotated 0 degrees),9003442 bytes,yes,1.7,
2021-11-22_5d03dc8b8621ea5e53ad6fe7b44c8533_wob-verzoek-inz-coronamaatregelen-op-scholen-3,,,,,OmniPage CSDK 19,Scanning,Thu Nov 11 11:36:37 2021,Thu Nov 11 11:56:40 2021,yes,none,46,no,,599.05 x 840.95 pts (rotated 0 degrees),9775512 bytes,yes,1.7,
2021-11-22_5d03dc8b8621ea5e53ad6fe7b44c8533_wob-verzoek-inz-coronamaatregelen-op-scholen-4,,,,,OmniPage CSDK 19,Scanning,Thu Nov 11 11:39:33 2021,Thu Nov 11 11:58:38 2021,yes,none,24,no,,599.05 x 840.95 pts (rotated 0 degrees),5740849 bytes,yes,1.7,
2021-11-22_5d03dc8b8621ea5e53ad6fe7b44c8533_wob-verzoek-inz-coronamaatregelen-op-scholen-5,,,,,OmniPage CSDK 19,Scanning,Thu Nov 11 11:40:08 2021,Thu Nov 11 11:59:30 2021,yes,none,42,no,,599.05 x 840.95 pts (rotated 0 degrees),9646335 bytes,yes,1.7,
2021-11-22_5d03dc8b8621ea5e53ad6fe7b44c8533_wob-verzoek-inz-coronamaatregelen-op-scholen-6,,,,,OmniPage CSDK 19,Scanning,Thu Nov 11 11:41:37 2021,Thu Nov 11 12:00:43 2021,yes,none,20,no,,599.05 x 840.95 pts (rotated 0 degrees),5307557 bytes,yes,1.7,
2021-11-22_5d03dc8b8621ea5e53ad6fe7b44c8533_wob-verzoek-inz-coronamaatregelen-op-scholen-7,,,,,OmniPage CSDK 19,Scanning,Thu Nov 11 11:42:56 2021,Thu Nov 11 12:00:57 2021,yes,none,26,no,,599.05 x 840.95 pts (rotated 0 degrees),5811449 bytes,yes,1.7,
2021-11-22_5d03dc8b8621ea5e53ad6fe7b44c8533_wob-verzoek-inz-coronamaatregelen-op-scholen-8,,,,,OmniPage CSDK 19,Scanning,Thu Nov 11 11:45:07 2021,Thu Nov 11 12:01:40 2021,yes,none,44,no,,599.05 x 840.95 pts (rotated 0 degrees),7639465 bytes,yes,1.7,
2021-11-22_5d03dc8b8621ea5e53ad6fe7b44c8533_wob-verzoek-inz-coronamaatregelen-op-scholen-9,,,,,OmniPage CSDK 19,Scanning,Thu Nov 11 11:45:26 2021,Thu Nov 11 12:02:13 2021,yes,none,36,no,,599.05 x 840.95 pts (rotated 0 degrees),9286463 bytes,yes,1.7,
2021-12-01_43cfc53eac6c636c420a1c551c77a4a1_besluit-wob-verzoek-aangaande-besmettelijkheid-kinderen-,,,,,OmniPage CSDK 19,Scanning,Wed Dec  1 16:52:28 2021,Wed Dec  1 16:52:28 2021,yes,none,9,no,,599.05 x 844.8 pts (rotated 0 degrees),2059020 bytes,no,1.7,
2021-12-01_43cfc53eac6c636c420a1c551c77a4a1_bijlagen-bij-wob-besluit-aangaande-besmettelijkheid-kind,,,,,FineReader,ZyLAB PDF export module,Tue Oct 19 09:39:32 2021,Tue Oct 19 09:39:32 2021,no,AcroForm,56,no,,612 x 792 pts (letter) (rotated 0 degrees),20515592 bytes,yes,1.6,
